index,Batch,Calculator / Page,Slug,Site Category (Current),Recommended Content Domain,Page Type,Search Intent / Purpose,Formula / Algorithm Used in Tool,Required User Inputs,Primary Outputs,Content Writer Must Explain,Data / Research Needed for Exact Content,Fresh Data Required?,Recommended Update Frequency,Important Assumptions / Limitations,Current Source URLs in Page,Implementation Path
0,1,Amortization Calculator,amortization-calculator,Finance,Finance / Tax / Investment,Calculator,Create an amortization schedule and see how extra monthly payments can change payoff time and total interest.,How Amortization Works: The required payment is calculated with the fixed-rate loan formula. Each month: Interest = Opening Balance × Monthly Rate Principal = Payment − Interest New Balance = Opening Balance − Principal,Loan amount ($); Annual rate (%); Loan term (years); Extra monthly payment ($),Required monthly payment,"Start with a direct answer describing exactly what the tool calculates. Show the exact implemented formula/algorithm and define every symbol, unit, and transformation. Explain every input: Loan amount ($), Annual rate (%), Loan term (years), Extra monthly payment ($). Explain outputs: Required monthly payment. Add a worked example using realistic values that reproduces the calculator result. Explain assumptions, valid input ranges, rounding, edge cases and when results can differ from official/clinical/lender calculations. Add concise FAQs that answer formula, input, result and limitation questions. Date-stamp all time-sensitive data and cite the authoritative current source.","Stable formula plus current official data for any quoted legal/tax/plan thresholds, eligibility rules, benchmark assumptions or fees.",Conditional,When product/rule assumptions change,The extra-payment model assumes no prepayment penalty and that the lender applies the extra amount directly to principal. Confirm how your lender handles additional payments.,https://www.consumerfinance.gov/ask-cfpb/how-does-paying-down-a-mortgage-work-en-1943/ | https://www.calculator.net/amortization-calculator.html,/amortization-calculator/index.html
1,1,Auto Loan Calculator,auto-loan-calculator,Finance,Finance / Tax / Investment,Calculator,"Estimate a car loan payment using vehicle price, down payment, trade-in, tax, fees, incentives, interest rate, and loan term.","Auto Loan Payment Method: After estimating the amount financed, the calculator uses the standard amortized-loan payment formula: Payment = P × [r(1 + r)^n] ÷ [(1 + r)^n − 1]",Vehicle price ($); Down payment ($); Trade-in value ($); Amount owed on trade ($); Cash incentives ($); Sales tax (%); Title / other fees ($); Loan term (months); Interest rate (%); Finance estimated sales tax and fees in the loan,Estimated monthly payment; Base amount after trade/down/incentive; Estimated sales tax; Amount financed; Upfront estimated costs; Total loan interest,"Start with a direct answer describing exactly what the tool calculates. Show the exact implemented formula/algorithm and define every symbol, unit, and transformation. Explain every input: Vehicle price ($), Down payment ($), Trade-in value ($), Amount owed on trade ($), Cash incentives ($), Sales tax (%), Title / other fees ($), Loan term (months), Interest rate (%), Finance estimated sales tax and fees in the loan. Explain outputs: Estimated monthly payment, Base amount after trade/down/incentive, Estimated sales tax, Amount financed, Upfront estimated costs, Total loan interest. Add a worked example using realistic values that reproduces the calculator result. Explain assumptions, valid input ranges, rounding, edge cases and when results can differ from official/clinical/lender calculations. Add concise FAQs that answer formula, input, result and limitation questions. Date-stamp all time-sensitive data and cite the authoritative current source.","Stable formula plus current official data for any quoted legal/tax/plan thresholds, eligibility rules, benchmark assumptions or fees.",Conditional,When product/rule assumptions change,"Vehicle sales-tax rules differ by state, province, country, incentive type, and trade-in treatment. This page uses a simplified taxable-base assumption and should not replace a dealer or tax-authority quote.",https://www.calculator.net/auto-loan-calculator.html | https://www.consumerfinance.gov/consumer-tools/auto-loans/,/auto-loan-calculator/index.html
2,1,Compound Interest Calculator,compound-interest-calculator,Finance,Finance / Tax / Investment,Calculator,Convert a nominal annual interest rate between compounding frequencies and calculate the effective annual rate.,Effective Annual Rate Formula: For m compounding periods per year: EAR = (1 + j/m)^m − 1 For continuous compounding: EAR = e^j − 1 The calculator then solves the formula backward for the target compounding frequency.,Nominal annual rate (%); Input compounding; Convert to,Equivalent nominal annual rate,"Start with a direct answer describing exactly what the tool calculates. Show the exact implemented formula/algorithm and define every symbol, unit, and transformation. Explain every input: Nominal annual rate (%), Input compounding, Convert to. Explain outputs: Equivalent nominal annual rate. Add a worked example using realistic values that reproduces the calculator result. Explain assumptions, valid input ranges, rounding, edge cases and when results can differ from official/clinical/lender calculations. Add concise FAQs that answer formula, input, result and limitation questions. Date-stamp all time-sensitive data and cite the authoritative current source.","Stable formula plus current official data for any quoted legal/tax/plan thresholds, eligibility rules, benchmark assumptions or fees.",Conditional,When product/rule assumptions change,"This is a rate-conversion tool. It does not model contributions, withdrawals, taxes, fees, or investment volatility. Use the Interest Calculator for balance projections.",https://www.calculator.net/compound-interest-calculator.html | https://www.investor.gov/financial-tools-calculators/calculators/compound-interest-calculator,/compound-interest-calculator/index.html
3,1,Financial Calculator,financial-calculator,Finance,Finance,Calculator,"Use this financial calculator for time value of money calculations including future value, present value, periodic payment, rate, and number of periods.","Time Value of Money Formula: For end-of-period payments, a common future-value relationship is: FV = PV(1 + r)^n + PMT × [(1 + r)^n − 1] ÷ r Here, r is the rate per period and n is the number of periods. The calculator algebraically rearranges this relationship or numerically solves for the rate.",Number of periods; Periods per year; Annual rate (%); Present value ($); Payment per period ($); Future value ($),Calculated value,"Start with a direct answer describing exactly what the tool calculates. Show the exact implemented formula/algorithm and define every symbol, unit, and transformation. Explain every input: Number of periods, Periods per year, Annual rate (%), Present value ($), Payment per period ($), Future value ($). Explain outputs: Calculated value. Add a worked example using realistic values that reproduces the calculator result. Explain assumptions, valid input ranges, rounding, edge cases and when results can differ from official/clinical/lender calculations. Add concise FAQs that answer formula, input, result and limitation questions.","No live data required; verify mathematical definition, notation, domain restrictions, rounding and edge cases.",No,Only if formula/definition changes,"This implementation uses end-of-period payments and a nominal annual rate divided by the selected periods per year. It does not include taxes, fees, irregular cash flows, or day-count conventions.",https://www.calculator.net/finance-calculator.html | https://www.investor.gov/financial-tools-calculators/calculators/compound-interest-calculator,/financial-calculator/index.html
4,1,Interest Calculator,interest-calculator,Finance,Finance / Tax / Investment,Calculator,"Calculate compound interest with an initial balance, monthly contributions, annual rate, compounding frequency, tax estimate, and inflation adjustment.","Compound Interest Method: Without additional contributions, compound growth is commonly written as: A = P(1 + r/n)^(nt) With recurring contributions, this page compounds the balance monthly using a monthly rate equivalent to the selected nominal compounding frequency, then adds each monthly contribution.",Initial amount ($); Monthly contribution ($); Annual nominal rate (%); Compound frequency; Years; Tax on interest estimate (%); Inflation estimate (%),Projected ending balance; Total principal contributed; Interest earned; After simple tax estimate; Inflation-adjusted value,"Start with a direct answer describing exactly what the tool calculates. Show the exact implemented formula/algorithm and define every symbol, unit, and transformation. Explain every input: Initial amount ($), Monthly contribution ($), Annual nominal rate (%), Compound frequency, Years, Tax on interest estimate (%), Inflation estimate (%). Explain outputs: Projected ending balance, Total principal contributed, Interest earned, After simple tax estimate, Inflation-adjusted value. Add a worked example using realistic values that reproduces the calculator result. Explain assumptions, valid input ranges, rounding, edge cases and when results can differ from official/clinical/lender calculations. Add concise FAQs that answer formula, input, result and limitation questions. Date-stamp all time-sensitive data and cite the authoritative current source.","Stable formula plus current official data for any quoted legal/tax/plan thresholds, eligibility rules, benchmark assumptions or fees.",Conditional,When product/rule assumptions change,"Returns are assumed constant, contributions occur monthly, the tax estimate is simplified, and the inflation adjustment assumes a constant annual rate. Real investments can fluctuate and may have fees.",https://www.investor.gov/financial-tools-calculators/calculators/compound-interest-calculator | https://www.calculator.net/interest-calculator.html,/interest-calculator/index.html
5,1,Investment Calculator,investment-calculator,Finance,Finance / Tax / Investment,Calculator,"Project an investment balance from a starting amount, monthly contributions, time horizon, and assumed annual return.",Investment Growth Method: The calculator applies monthly compounding to the balance and adds each contribution according to the selected timing. For a single lump sum: Future Value = Present Value × (1 + r)^n,Starting amount ($); Monthly contribution ($); Investment length (years); Annual return (%); Contribution timing,Projected ending balance,"Start with a direct answer describing exactly what the tool calculates. Show the exact implemented formula/algorithm and define every symbol, unit, and transformation. Explain every input: Starting amount ($), Monthly contribution ($), Investment length (years), Annual return (%), Contribution timing. Explain outputs: Projected ending balance. Add a worked example using realistic values that reproduces the calculator result. Explain assumptions, valid input ranges, rounding, edge cases and when results can differ from official/clinical/lender calculations. Add concise FAQs that answer formula, input, result and limitation questions. Date-stamp all time-sensitive data and cite the authoritative current source.","Stable formula plus current official data for any quoted legal/tax/plan thresholds, eligibility rules, benchmark assumptions or fees.",Conditional,When product/rule assumptions change,"Investment returns are not constant in real markets. This calculator does not model volatility, taxes, investment fees, transaction costs, or sequence-of-returns risk.",https://www.investor.gov/financial-tools-calculators/calculators/compound-interest-calculator | https://www.calculator.net/investment-calculator.html,/investment-calculator/index.html
6,1,Loan Calculator,loan-calculator,Finance,Finance / Tax / Investment,Calculator,"Calculate a fixed-rate amortized loan payment, total payments, total interest, and a month-by-month amortization schedule.","Fixed Loan Payment Formula: Payment = P × [r(1 + r)^n] ÷ [(1 + r)^n − 1] For a zero-interest loan, payment is simply principal divided by the number of payments.",Loan amount ($); Annual interest (%); Years; Additional months,Monthly payment,"Start with a direct answer describing exactly what the tool calculates. Show the exact implemented formula/algorithm and define every symbol, unit, and transformation. Explain every input: Loan amount ($), Annual interest (%), Years, Additional months. Explain outputs: Monthly payment. Add a worked example using realistic values that reproduces the calculator result. Explain assumptions, valid input ranges, rounding, edge cases and when results can differ from official/clinical/lender calculations. Add concise FAQs that answer formula, input, result and limitation questions. Date-stamp all time-sensitive data and cite the authoritative current source.","Stable formula plus current official data for any quoted legal/tax/plan thresholds, eligibility rules, benchmark assumptions or fees.",Conditional,When product/rule assumptions change,"The estimate assumes a fixed rate, regular monthly payments, and no fees, missed payments, prepayment penalties, or changing rates.",https://www.calculator.net/loan-calculator.html | https://www.consumerfinance.gov/ask-cfpb/how-does-paying-down-a-mortgage-work-en-1943/,/loan-calculator/index.html
7,1,Mortgage Calculator,mortgage-calculator,Date & Time,Finance / Tax / Investment,Calculator,"Estimate a fixed-rate mortgage payment including principal and interest, property tax, homeowners insurance, and HOA fees.","Mortgage Payment Formula: The standard fixed-rate principal-and-interest payment is: M = P × [r(1 + r)^n] ÷ [(1 + r)^n − 1] P is principal, r is the monthly interest rate, and n is the number of monthly payments.",Home price ($); Down payment ($); Loan term (years); Interest rate (%); Property tax (%/year); Home insurance ($/year); HOA fee ($/month),Estimated monthly housing payment; Principal & interest; Property tax; Insurance; HOA; Loan amount; Total loan interest,"Start with a direct answer describing exactly what the tool calculates. Show the exact implemented formula/algorithm and define every symbol, unit, and transformation. Explain every input: Home price ($), Down payment ($), Loan term (years), Interest rate (%), Property tax (%/year), Home insurance ($/year), HOA fee ($/month). Explain outputs: Estimated monthly housing payment, Principal & interest, Property tax, Insurance, HOA, Loan amount, Total loan interest. Add a worked example using realistic values that reproduces the calculator result. Explain assumptions, valid input ranges, rounding, edge cases and when results can differ from official/clinical/lender calculations. Add concise FAQs that answer formula, input, result and limitation questions. Date-stamp all time-sensitive data and cite the authoritative current source.","Stable formula plus current official data for any quoted legal/tax/plan thresholds, eligibility rules, benchmark assumptions or fees.",Conditional,When product/rule assumptions change,"This is not a lender quote. It does not automatically calculate PMI, escrow adjustments, closing costs, points, changing tax bills, rate changes, or jurisdiction-specific fees.",https://www.consumerfinance.gov/ask-cfpb/how-do-mortgage-lenders-calculate-monthly-payments-en-1965/ | https://www.consumerfinance.gov/ask-cfpb/how-does-paying-down-a-mortgage-work-en-1943/ | https://www.calculator.net/mortgage-calculator.html,/mortgage-calculator/index.html
8,1,Payment Calculator,payment-calculator,Finance,Finance / Tax / Investment,Calculator,Calculate a monthly loan payment for a fixed term or estimate how long a loan takes to repay with a fixed monthly payment.,"Payment and Payoff Formulas: For a fixed term: Payment = P × [r(1+r)^n] ÷ [(1+r)^n − 1] For a fixed payment, the number of periods can be solved from the same amortization relationship when the payment is larger than the periodic interest charge.",Loan amount ($); Annual interest (%); Loan term (years); Monthly payment ($),Required monthly payment,"Start with a direct answer describing exactly what the tool calculates. Show the exact implemented formula/algorithm and define every symbol, unit, and transformation. Explain every input: Loan amount ($), Annual interest (%), Loan term (years), Monthly payment ($). Explain outputs: Required monthly payment. Add a worked example using realistic values that reproduces the calculator result. Explain assumptions, valid input ranges, rounding, edge cases and when results can differ from official/clinical/lender calculations. Add concise FAQs that answer formula, input, result and limitation questions. Date-stamp all time-sensitive data and cite the authoritative current source.","Stable formula plus current official data for any quoted legal/tax/plan thresholds, eligibility rules, benchmark assumptions or fees.",Conditional,When product/rule assumptions change,"The model assumes a fixed rate and regular monthly payments. It does not include late fees, variable rates, payment holidays, or lender-specific rounding rules.",https://www.calculator.net/payment-calculator.html | https://www.consumerfinance.gov/ask-cfpb/how-does-paying-down-a-mortgage-work-en-1943/,/payment-calculator/index.html
9,1,Retirement Calculator,retirement-calculator,Finance,Finance / Tax / Investment,Calculator,"Project retirement savings from current balance, monthly contributions, time to retirement, investment return, inflation, and retirement withdrawal period.","Retirement Projection Method: Before retirement, the calculator grows the existing balance and a monthly contribution stream. During retirement, it converts the projected nest egg to a level monthly withdrawal using an annuity-payment formula. Withdrawal = Balance × r ÷ [1 − (1 + r)^(-n)]",Current age; Retirement age; Current savings ($); Monthly contribution ($); Return before retirement (%); Inflation (%); Years in retirement; Return during retirement (%); Desired monthly income in today's dollars ($),Projected savings at retirement; Projected monthly withdrawal; Desired monthly income at retirement; Monthly surplus / gap; Total contributions before growth,"Start with a direct answer describing exactly what the tool calculates. Show the exact implemented formula/algorithm and define every symbol, unit, and transformation. Explain every input: Current age, Retirement age, Current savings ($), Monthly contribution ($), Return before retirement (%), Inflation (%), Years in retirement, Return during retirement (%), Desired monthly income in today's dollars ($). Explain outputs: Projected savings at retirement, Projected monthly withdrawal, Desired monthly income at retirement, Monthly surplus / gap, Total contributions before growth. Add a worked example using realistic values that reproduces the calculator result. Explain assumptions, valid input ranges, rounding, edge cases and when results can differ from official/clinical/lender calculations. Add concise FAQs that answer formula, input, result and limitation questions. Date-stamp all time-sensitive data and cite the authoritative current source.","Stable formula plus current official data for any quoted legal/tax/plan thresholds, eligibility rules, benchmark assumptions or fees.",Conditional,When product/rule assumptions change,"Actual retirement planning may involve taxes, account rules, pensions, Social Security, changing contributions, sequence-of-returns risk, healthcare costs, longevity uncertainty, and investment fees. Constant returns are a simplifying assumption.",https://www.irs.gov/retirement-plans/plan-participant-employee/saving-for-retirement | https://www.investor.gov/free-financial-planning-tools | https://www.calculator.net/retirement-calculator.html,/retirement-calculator/index.html
10,2,401(k) Calculator,401k-calculator,Finance,Finance / Tax / Investment,Calculator,"Project a 401(k) balance using salary, contribution percentage, employer match, salary growth, investment return, and current 2026 IRS employee contribution limits.","401(k) Projection Method: Each year, the calculator caps employee deferrals at the selected annual limit, estimates the employer match from the match rate and salary cap, adds both to the account, and applies the assumed annual return.",Current age; Years to contribute; Current balance ($); Annual salary ($); Employee contribution (%); Annual salary increase (%); Employer match rate (%); Match up to salary (%); Annual return (%); Employee deferral limit,Projected ending balance; Employee contributions; Employer contributions; Investment growth; Final-year employee contribution,"Start with a direct answer describing exactly what the tool calculates. Show the exact implemented formula/algorithm and define every symbol, unit, and transformation. Explain every input: Current age, Years to contribute, Current balance ($), Annual salary ($), Employee contribution (%), Annual salary increase (%), Employer match rate (%), Match up to salary (%), Annual return (%), Employee deferral limit. Explain outputs: Projected ending balance, Employee contributions, Employer contributions, Investment growth, Final-year employee contribution. Add a worked example using realistic values that reproduces the calculator result. Explain assumptions, valid input ranges, rounding, edge cases and when results can differ from official/clinical/lender calculations. Add concise FAQs that answer formula, input, result and limitation questions. Date-stamp all time-sensitive data and cite the authoritative current source.","Current official thresholds, limits, eligibility rules, effective tax year/date and authoritative government source.",Yes,At least annually / whenever rules change,"Actual 401(k) plans have plan-specific match formulas, vesting, fees, investment options, Roth/traditional tax treatment, compensation limits, overall contribution limits, and catch-up rules. The IRS can update limits annually.",https://www.irs.gov/newsroom/401k-limit-increases-to-24500-for-2026-ira-limit-increases-to-7500 | https://www.irs.gov/retirement-plans/plan-participant-employee/retirement-topics-401k-and-profit-sharing-plan-contribution-limits | https://www.irs.gov/retirement-plans/cola-increases-for-dollar-limitations-on-benefits-and-contributions,/401k-calculator/index.html
11,2,BMI Calculator,bmi-calculator,Health & Fitness,Health / Fitness / Nutrition,Calculator,"Calculate adult Body Mass Index from height and weight, see the CDC BMI category, healthy-weight range, BMI Prime, and Ponderal Index.",BMI Formula: BMI = weight (kg) ÷ [height (m)]² US form: BMI = 703 × weight (lb) ÷ [height (in)]²,Age; Weight (kg); Height (cm); Weight (lb); Height,Your BMI; Healthy-weight range; BMI Prime; Ponderal Index,"Start with a direct answer describing exactly what the tool calculates. Show the exact implemented formula/algorithm and define every symbol, unit, and transformation. Explain every input: Age, Weight (kg), Height (cm), Weight (lb), Height. Explain outputs: Your BMI, Healthy-weight range, BMI Prime, Ponderal Index. Add a worked example using realistic values that reproduces the calculator result. Explain assumptions, valid input ranges, rounding, edge cases and when results can differ from official/clinical/lender calculations. Add concise FAQs that answer formula, input, result and limitation questions. Date-stamp all time-sensitive data and cite the authoritative current source.","Authoritative formula source, population/age/sex applicability, units, cutoffs/reference ranges and limitations; avoid diagnostic claims.",Conditional,When clinical/exercise guidance changes,"BMI does not directly measure body fat or distinguish fat, muscle, and bone. It should be considered with other health information. Children and teens require BMI-for-age interpretation rather than adult cutoffs.",https://www.cdc.gov/bmi/adult-calculator/bmi-categories.html,/bmi-calculator/index.html
12,2,BMR Calculator,bmr-calculator,Health & Fitness,Health / Fitness / Nutrition,Calculator,Estimate basal metabolic rate with the Mifflin-St Jeor equation and compare activity-adjusted daily calorie estimates.,"Mifflin–St Jeor Equation: Men: REE = 10W + 6.25H − 5A + 5 Women: REE = 10W + 6.25H − 5A − 161 W is kilograms, H is centimeters, and A is age in years.",Sex used by equation; Age (years); Weight (kg); Height (cm),Estimated BMR / resting energy; Sedentary ×1.20; Light ×1.375; Moderate ×1.55; Very active ×1.725,"Start with a direct answer describing exactly what the tool calculates. Show the exact implemented formula/algorithm and define every symbol, unit, and transformation. Explain every input: Sex used by equation, Age (years), Weight (kg), Height (cm). Explain outputs: Estimated BMR / resting energy, Sedentary ×1.20, Light ×1.375, Moderate ×1.55, Very active ×1.725. Add a worked example using realistic values that reproduces the calculator result. Explain assumptions, valid input ranges, rounding, edge cases and when results can differ from official/clinical/lender calculations. Add concise FAQs that answer formula, input, result and limitation questions. Date-stamp all time-sensitive data and cite the authoritative current source.","Authoritative formula source, population/age/sex applicability, units, cutoffs/reference ranges and limitations; avoid diagnostic claims.",Conditional,When clinical/exercise guidance changes,"Predictive equations have individual error and do not replace indirect calorimetry. Illness, pregnancy, body composition, medications, environment, and other factors can affect actual energy expenditure.",https://pubmed.ncbi.nlm.nih.gov/2305711/ | https://www.ncbi.nlm.nih.gov/books/NBK591031/,/bmr-calculator/index.html
13,2,Body Fat Calculator,body-fat-calculator,Health & Fitness,Health / Fitness / Nutrition,Calculator,"Estimate adult body fat percentage using U.S. Navy circumference equations, calculate fat mass and lean mass, and compare with a BMI-based estimate.",U.S. Navy Circumference Equations: Male metric density form: BF% = 495 ÷ [1.0324 − 0.19077 log10(waist−neck) + 0.15456 log10(height)] − 450 Female metric density form: BF% = 495 ÷ [1.29579 − 0.35004 log10(waist+hip−neck) + 0.22100 log10(height)] − 450,Sex used by equation; Age; Weight (kg); Height (cm); Neck (cm); Waist / abdomen (cm); Hip (cm),Estimated body fat; Fat mass; Lean mass; BMI; BMI-based body-fat estimate,"Start with a direct answer describing exactly what the tool calculates. Show the exact implemented formula/algorithm and define every symbol, unit, and transformation. Explain every input: Sex used by equation, Age, Weight (kg), Height (cm), Neck (cm), Waist / abdomen (cm), Hip (cm). Explain outputs: Estimated body fat, Fat mass, Lean mass, BMI, BMI-based body-fat estimate. Add a worked example using realistic values that reproduces the calculator result. Explain assumptions, valid input ranges, rounding, edge cases and when results can differ from official/clinical/lender calculations. Add concise FAQs that answer formula, input, result and limitation questions. Date-stamp all time-sensitive data and cite the authoritative current source.","Authoritative formula source, population/age/sex applicability, units, cutoffs/reference ranges and limitations; avoid diagnostic claims.",Conditional,When clinical/exercise guidance changes,Circumference methods are estimates and depend strongly on measurement technique and body shape. The Navy's current operational BCA procedures use official measurement and lookup rules; this page provides formula-based estimation rather than an official service determination.,https://www.calculator.net/pdf/navy-physical-readiness-program.pdf | https://pubmed.ncbi.nlm.nih.gov/2043597/ | https://www.calculator.net/body-fat-calculator.html,/body-fat-calculator/index.html
14,2,Calorie Calculator,calorie-calculator,Health & Fitness,Health / Fitness / Nutrition,Calculator,Estimate adult BMR with the Mifflin-St Jeor equation and calculate activity-adjusted maintenance calories plus adjustable weight-change calorie targets.,Mifflin–St Jeor Calorie Formula: Men: REE = 10W + 6.25H − 5A + 5 Women: REE = 10W + 6.25H − 5A − 161 Estimated maintenance ≈ REE × activity factor,Sex used by equation; Age (years); Weight (kg); Height (cm); Activity factor; Daily goal adjustment (kcal),Estimated maintenance calories; Estimated BMR; Goal calories; Activity factor,"Start with a direct answer describing exactly what the tool calculates. Show the exact implemented formula/algorithm and define every symbol, unit, and transformation. Explain every input: Sex used by equation, Age (years), Weight (kg), Height (cm), Activity factor, Daily goal adjustment (kcal). Explain outputs: Estimated maintenance calories, Estimated BMR, Goal calories, Activity factor. Add a worked example using realistic values that reproduces the calculator result. Explain assumptions, valid input ranges, rounding, edge cases and when results can differ from official/clinical/lender calculations. Add concise FAQs that answer formula, input, result and limitation questions. Date-stamp all time-sensitive data and cite the authoritative current source.","Authoritative formula source, population/age/sex applicability, units, cutoffs/reference ranges and limitations; avoid diagnostic claims.",Conditional,When clinical/exercise guidance changes,"Activity multipliers are approximate, resting-energy equations have prediction error, and calorie needs can change with activity, body composition, health status, adaptation, pregnancy, medications, and other factors.",https://pubmed.ncbi.nlm.nih.gov/2305711/ | https://www.calculator.net/calorie-calculator.html | https://www.nhlbi.nih.gov/health/dash/following-dash,/calorie-calculator/index.html
15,2,Fitness & Health Calculator,fitness-and-health-calculator,Health & Fitness,Health & Fitness,Calculator,"Calculate adult BMI, Mifflin-St Jeor BMR, estimated maintenance calories, healthy-weight range, and a simple BMI-based body-fat estimate in one dashboard.",Health Metric Formulas: BMI = weight (kg) ÷ height (m)² BMR (men) = 10W + 6.25H − 5A + 5 BMR (women) = 10W + 6.25H − 5A − 161 Maintenance calories ≈ BMR × activity factor,Sex used by equation; Age (years); Weight (kg); Height (cm); Activity level,Estimated maintenance calories,"Start with a direct answer describing exactly what the tool calculates. Show the exact implemented formula/algorithm and define every symbol, unit, and transformation. Explain every input: Sex used by equation, Age (years), Weight (kg), Height (cm), Activity level. Explain outputs: Estimated maintenance calories. Add a worked example using realistic values that reproduces the calculator result. Explain assumptions, valid input ranges, rounding, edge cases and when results can differ from official/clinical/lender calculations. Add concise FAQs that answer formula, input, result and limitation questions.","No live data required; verify mathematical definition, notation, domain restrictions, rounding and edge cases.",No,Only if formula/definition changes,"BMI is a screening measure, activity multipliers are approximations, BMR equations predict rather than measure resting energy expenditure, and BMI-based body-fat equations have individual error.",https://www.cdc.gov/bmi/adult-calculator/bmi-categories.html | https://pubmed.ncbi.nlm.nih.gov/2305711/ | https://pubmed.ncbi.nlm.nih.gov/2043597/ | https://www.calculator.net/calorie-calculator.html,/fitness-and-health-calculator/index.html
16,2,Interest Rate Calculator,interest-rate-calculator,Finance,Finance / Tax / Investment,Calculator,"Estimate the nominal annual interest rate implied by a loan amount, fixed monthly payment, and loan term using the standard amortization equation.","Interest Rate Calculation Method: The calculator numerically solves the standard amortization equation: Payment = P × [r(1+r)^n] ÷ [(1+r)^n − 1] Because r appears in several places, the rate is solved iteratively.",Loan amount ($); Monthly payment ($); Years; Additional months,Estimated nominal annual rate; Total of payments; Total interest; Effective annual rate,"Start with a direct answer describing exactly what the tool calculates. Show the exact implemented formula/algorithm and define every symbol, unit, and transformation. Explain every input: Loan amount ($), Monthly payment ($), Years, Additional months. Explain outputs: Estimated nominal annual rate, Total of payments, Total interest, Effective annual rate. Add a worked example using realistic values that reproduces the calculator result. Explain assumptions, valid input ranges, rounding, edge cases and when results can differ from official/clinical/lender calculations. Add concise FAQs that answer formula, input, result and limitation questions. Date-stamp all time-sensitive data and cite the authoritative current source.","Stable formula plus current official data for any quoted legal/tax/plan thresholds, eligibility rules, benchmark assumptions or fees.",Conditional,When product/rule assumptions change,"The result is an equation-based rate, not necessarily the legal or disclosed APR. APR calculations can include finance charges, fees, timing conventions, and regulatory definitions.",https://www.calculator.net/interest-rate-calculator.html,/interest-rate-calculator/index.html
17,2,Macro Calculator,macro-calculator,Health & Fitness,Health / Fitness / Nutrition,Calculator,"Convert a daily calorie target and chosen protein, carbohydrate, and fat percentages into grams per day, with adult AMDR reference ranges.",Macronutrient Conversion Formulas: Protein grams = calories × protein% ÷ 4 Carbohydrate grams = calories × carbohydrate% ÷ 4 Fat grams = calories × fat% ÷ 9 Protein and carbohydrate provide about 4 kcal per gram; fat provides about 9 kcal per gram.,Daily calories (kcal); Protein (%); Carbohydrate (%); Fat (%),Selected macro split; Protein; Carbohydrate; Fat; AMDR check,"Start with a direct answer describing exactly what the tool calculates. Show the exact implemented formula/algorithm and define every symbol, unit, and transformation. Explain every input: Daily calories (kcal), Protein (%), Carbohydrate (%), Fat (%). Explain outputs: Selected macro split, Protein, Carbohydrate, Fat, AMDR check. Add a worked example using realistic values that reproduces the calculator result. Explain assumptions, valid input ranges, rounding, edge cases and when results can differ from official/clinical/lender calculations. Add concise FAQs that answer formula, input, result and limitation questions. Date-stamp all time-sensitive data and cite the authoritative current source.","Authoritative formula source, population/age/sex applicability, units, cutoffs/reference ranges and limitations; avoid diagnostic claims.",Conditional,When clinical/exercise guidance changes,"Macro percentages are not a personalized diet prescription. Needs vary with age, life stage, disease, athletic goals, food quality, total energy needs, and professional recommendations.",https://nap.nationalacademies.org/skim.php?chap=936-967&record_id=10490 | https://www.ncbi.nlm.nih.gov/books/NBK591034/,/macro-calculator/index.html
18,2,Salary Calculator,salary-calculator,Finance,Finance / Tax / Investment,Calculator,"Estimate 2026 U.S. annual and per-paycheck take-home pay using gross salary, pre-tax deductions, federal income tax, Social Security, Medicare, and a user-entered state/local rate.","2026 Salary Calculation Method: Estimated federal taxable income equals salary minus entered pre-tax deductions and the 2026 standard deduction. Federal tax is calculated progressively using the 2026 brackets. Employee Social Security is 6.2% up to the 2026 wage base of $184,500, and Medicare is 1.45%, with an additional 0.9% withholding above $200,000 of wages.",Annual salary ($); Filing status; Pre-tax deductions ($/year); State/local tax estimate (%); Pay periods per year,Estimated take-home pay; Federal income tax; Social Security; Medicare; State/local estimate; Total estimated taxes; Gross per paycheck,"Start with a direct answer describing exactly what the tool calculates. Show the exact implemented formula/algorithm and define every symbol, unit, and transformation. Explain every input: Annual salary ($), Filing status, Pre-tax deductions ($/year), State/local tax estimate (%), Pay periods per year. Explain outputs: Estimated take-home pay, Federal income tax, Social Security, Medicare, State/local estimate, Total estimated taxes, Gross per paycheck. Add a worked example using realistic values that reproduces the calculator result. Explain assumptions, valid input ranges, rounding, edge cases and when results can differ from official/clinical/lender calculations. Add concise FAQs that answer formula, input, result and limitation questions. Date-stamp all time-sensitive data and cite the authoritative current source.","Current official thresholds, limits, eligibility rules, effective tax year/date and authoritative government source.",Yes,At least annually / whenever rules change,"This is not a payroll withholding engine or tax return. It omits tax credits, itemized deductions, special deductions, benefits, employer payroll details, state-specific brackets, local rules, and many withholding adjustments.",https://www.irs.gov/newsroom/irs-releases-tax-inflation-adjustments-for-tax-year-2026-including-amendments-from-the-one-big-beautiful-bill | https://www.irs.gov/publications/p15 | https://www.ssa.gov/OACT/COLA/cbb.html,/salary-calculator/index.html
19,2,Sales Tax Calculator,sales-tax-calculator,Finance,Finance / Tax / Investment,Calculator,"Calculate sales tax, total after tax, price before tax, or the effective tax rate from any two known values.",Sales Tax Formulas: Tax = Before-Tax Price × Tax Rate After-Tax Total = Before-Tax Price × (1 + Tax Rate) Before-Tax Price = After-Tax Total ÷ (1 + Tax Rate),Price before tax ($); Sales tax rate (%); Price after tax ($),Price after tax; Before-tax price; Tax amount; After-tax total; Effective rate,"Start with a direct answer describing exactly what the tool calculates. Show the exact implemented formula/algorithm and define every symbol, unit, and transformation. Explain every input: Price before tax ($), Sales tax rate (%), Price after tax ($). Explain outputs: Price after tax, Before-tax price, Tax amount, After-tax total, Effective rate. Add a worked example using realistic values that reproduces the calculator result. Explain assumptions, valid input ranges, rounding, edge cases and when results can differ from official/clinical/lender calculations. Add concise FAQs that answer formula, input, result and limitation questions. Date-stamp all time-sensitive data and cite the authoritative current source.",Current state/local sales-tax rate and taxable-base rules only if content quotes a location; tool itself uses user-entered rate.,Conditional,When quoting jurisdiction rates,"Sales-tax rates, exemptions, tax bases, sourcing rules, and treatment of services vary across jurisdictions. Enter the applicable combined rate and verify local rules for real transactions.",https://www.irs.gov/credits-deductions/individuals/use-the-sales-tax-deduction-calculator,/sales-tax-calculator/index.html
20,3,Due Date Calculator,due-date-calculator,Health & Fitness,Pregnancy / Reproductive Health,Calculator,"Estimate pregnancy due date from the last menstrual period, conception date, or IVF embryo transfer date using standard obstetric dating conventions.",Due Date Formulas: LMP: EDD ≈ LMP + 280 days + cycle adjustment Conception: EDD ≈ conception + 266 days Day-5 IVF transfer: EDD = transfer + 261 days Day-3 IVF transfer: EDD = transfer + 263 days,First day of LMP; Cycle length; Conception date; Embryo transfer date; Embryo age,Estimated due date; Estimated 37-week date; 40-week date; 42-week date,"Start with a direct answer describing exactly what the tool calculates. Show the exact implemented formula/algorithm and define every symbol, unit, and transformation. Explain every input: First day of LMP, Cycle length, Conception date, Embryo transfer date, Embryo age. Explain outputs: Estimated due date, Estimated 37-week date, 40-week date, 42-week date. Add a worked example using realistic values that reproduces the calculator result. Explain assumptions, valid input ranges, rounding, edge cases and when results can differ from official/clinical/lender calculations. Add concise FAQs that answer formula, input, result and limitation questions. Date-stamp all time-sensitive data and cite the authoritative current source.","Authoritative obstetric/reproductive formula source, gestational assumptions, date conventions, population scope and clinical limitations.",Conditional,When clinical guidance changes,"EDD is an estimate, not a guaranteed delivery date. ACOG recommends using ART-derived gestational age for IVF pregnancies and prioritizes accurate early ultrasound for establishing or confirming gestational age.",https://www.acog.org/clinical/clinical-guidance/committee-opinion/articles/2017/05/methods-for-estimating-the-due-date | https://www.acog.org/womens-health/faqs/when-pregnancy-goes-past-your-due-date | https://www.nhs.uk/pregnancy/finding-out/due-date-calculator/,/due-date-calculator/index.html
21,3,Fraction Calculator,fraction-calculator,Math & Statistics,Math / Statistics / Geometry,Calculator,"Add, subtract, multiply, or divide two fractions and get the simplified fraction, mixed-number form, and decimal value.",Fraction arithmetic: a/b + c/d = (ad+bc)/bd; a/b − c/d = (ad−bc)/bd; a/b × c/d = ac/bd; a/b ÷ c/d = ad/bc. Result is reduced by the greatest common divisor.,First fraction; Operation; Second fraction,Simplified result; Decimal; Unsimplified result,"Start with a direct answer describing exactly what the tool calculates. Show the exact implemented formula/algorithm and define every symbol, unit, and transformation. Explain every input: First fraction, Operation, Second fraction. Explain outputs: Simplified result, Decimal, Unsimplified result. Add a worked example using realistic values that reproduces the calculator result. Explain assumptions, valid input ranges, rounding, edge cases and when results can differ from official/clinical/lender calculations. Add concise FAQs that answer formula, input, result and limitation questions.","No live data required; verify mathematical definition, notation, domain restrictions, rounding and edge cases.",No,Only if formula/definition changes,The inputs on this page are integers. Very large integers can exceed JavaScript’s exact integer range; use specialized arbitrary-precision tools for extremely large values.,https://www.calculator.net/fraction-calculator.html,/fraction-calculator/index.html
22,3,Ideal Weight Calculator,ideal-weight-calculator,Health & Fitness,Health / Fitness / Nutrition,Calculator,"Compare common ideal body weight formulas including Devine, Robinson, Miller, and Hamwi, plus the adult healthy-BMI weight range for your height.",Ideal Body Weight Formulas: Devine: Men 50 + 2.3 kg/in over 5 ft; Women 45.5 + 2.3 Robinson: Men 52 + 1.9; Women 49 + 1.7 Miller: Men 56.2 + 1.41; Women 53.1 + 1.36 Hamwi: Men 48 + 2.7; Women 45.5 + 2.2,Sex used by formula; Height (cm),Average of four traditional formulas; Devine (1974); Robinson (1983); Miller (1983); Hamwi (1964),"Start with a direct answer describing exactly what the tool calculates. Show the exact implemented formula/algorithm and define every symbol, unit, and transformation. Explain every input: Sex used by formula, Height (cm). Explain outputs: Average of four traditional formulas, Devine (1974), Robinson (1983), Miller (1983), Hamwi (1964). Add a worked example using realistic values that reproduces the calculator result. Explain assumptions, valid input ranges, rounding, edge cases and when results can differ from official/clinical/lender calculations. Add concise FAQs that answer formula, input, result and limitation questions. Date-stamp all time-sensitive data and cite the authoritative current source.","Authoritative formula source, population/age/sex applicability, units, cutoffs/reference ranges and limitations; avoid diagnostic claims.",Conditional,When clinical/exercise guidance changes,"These formulas do not account for body composition, frame size, age-related changes, pregnancy, ethnicity, athletic build, or individual clinical needs.",https://www.calculator.net/ideal-weight-calculator.html | https://www.cdc.gov/bmi/adult-calculator/bmi-categories.html,/ideal-weight-calculator/index.html
23,3,Math Calculator,math-calculator,Math & Statistics,Math / Statistics / Geometry,Calculator,"Perform basic arithmetic with addition, subtraction, multiplication, division, parentheses, decimals, and a reusable answer value.","Order of Operations: The calculator follows normal arithmetic precedence: parentheses first, then multiplication/division, then addition/subtraction.",No direct labeled inputs / uses calculator controls or navigation,Result,"Start with a direct answer describing exactly what the tool calculates. Show the exact implemented formula/algorithm and define every symbol, unit, and transformation. Explain outputs: Result. Add a worked example using realistic values that reproduces the calculator result. Explain assumptions, valid input ranges, rounding, edge cases and when results can differ from official/clinical/lender calculations. Add concise FAQs that answer formula, input, result and limitation questions.","No live data required; verify mathematical definition, notation, domain restrictions, rounding and edge cases.",No,Only if formula/definition changes,"This page is intentionally limited to basic arithmetic. Use the Scientific Calculator for trigonometric, logarithmic, exponential, root, and factorial functions.",https://www.calculator.net/math-calculator.html | https://www.calculator.net/basic-calculator.html,/math-calculator/index.html
24,3,Pace Calculator,pace-calculator,Health & Fitness,Health / Fitness / Nutrition,Calculator,"Calculate running or walking pace, total time, or distance using miles or kilometers, with min/mile and min/km conversions.",Pace Formula: Pace = Time ÷ Distance Time = Pace × Distance Distance = Time ÷ Pace,Distance; Time; Pace,Pace; Speed; Equivalent pace,"Start with a direct answer describing exactly what the tool calculates. Show the exact implemented formula/algorithm and define every symbol, unit, and transformation. Explain every input: Distance, Time, Pace. Explain outputs: Pace, Speed, Equivalent pace. Add a worked example using realistic values that reproduces the calculator result. Explain assumptions, valid input ranges, rounding, edge cases and when results can differ from official/clinical/lender calculations. Add concise FAQs that answer formula, input, result and limitation questions. Date-stamp all time-sensitive data and cite the authoritative current source.","Authoritative formula source, population/age/sex applicability, units, cutoffs/reference ranges and limitations; avoid diagnostic claims.",Conditional,When clinical/exercise guidance changes,"This calculator assumes average pace across the full distance. Real-world pace varies with terrain, stops, elevation, weather, and measurement accuracy.",https://www.calculator.net/pace-calculator.html,/pace-calculator/index.html
25,3,Percent Calculator,percent-calculator,Math & Statistics,Math / Statistics / Geometry,Calculator,"Calculate a percentage of a number, find what percent one value is of another, calculate percentage change, or compare percentage difference.",Percentage Formulas: X% of Y = (X/100) × Y X is what % of Y = (X/Y) × 100 % change = (new − old) / old × 100 % difference = |A − B| / ((|A| + |B|)/2) × 100,Percent (%); Value,Result,"Start with a direct answer describing exactly what the tool calculates. Show the exact implemented formula/algorithm and define every symbol, unit, and transformation. Explain every input: Percent (%), Value. Explain outputs: Result. Add a worked example using realistic values that reproduces the calculator result. Explain assumptions, valid input ranges, rounding, edge cases and when results can differ from official/clinical/lender calculations. Add concise FAQs that answer formula, input, result and limitation questions.","No live data required; verify mathematical definition, notation, domain restrictions, rounding and edge cases.",No,Only if formula/definition changes,"Percentage change is undefined when the initial value is zero. Percentage difference is symmetric, while percentage change is directional because it uses the initial value as the reference.",https://www.calculator.net/percent-calculator.html,/percent-calculator/index.html
26,3,Pregnancy Calculator,pregnancy-calculator,Health & Fitness,Pregnancy / Reproductive Health,Calculator,"Estimate pregnancy due date, current gestational age, trimester, and key dates from the first day of the last menstrual period, with cycle-length adjustment.",Pregnancy Dating Method: EDD ≈ LMP + 280 days + (cycle length − 28 days) Approx. conception ≈ LMP + 14 days + (cycle length − 28 days),First day of last menstrual period; Average cycle length (days),Estimated due date; Estimated conception date; Trimester; 40-week date; Days until EDD,"Start with a direct answer describing exactly what the tool calculates. Show the exact implemented formula/algorithm and define every symbol, unit, and transformation. Explain every input: First day of last menstrual period, Average cycle length (days). Explain outputs: Estimated due date, Estimated conception date, Trimester, 40-week date, Days until EDD. Add a worked example using realistic values that reproduces the calculator result. Explain assumptions, valid input ranges, rounding, edge cases and when results can differ from official/clinical/lender calculations. Add concise FAQs that answer formula, input, result and limitation questions. Date-stamp all time-sensitive data and cite the authoritative current source.","Authoritative obstetric/reproductive formula source, gestational assumptions, date conventions, population scope and clinical limitations.",Conditional,When clinical guidance changes,LMP dating assumes a typical ovulation pattern and can be less accurate with irregular cycles or uncertain dates. ACOG identifies first-trimester ultrasound as the most accurate method to establish or confirm gestational age.,https://www.acog.org/clinical/clinical-guidance/committee-opinion/articles/2017/05/methods-for-estimating-the-due-date | https://www.nhs.uk/pregnancy/finding-out/due-date-calculator/ | https://www.calculator.net/pregnancy-calculator.html,/pregnancy-calculator/index.html
27,3,Pregnancy Conception Calculator,pregnancy-conception-calculator,Health & Fitness,Pregnancy / Reproductive Health,Calculator,Estimate a likely conception date from an estimated due date or from the first day of the last menstrual period and average cycle length.,From EDD: estimated conception ≈ EDD − 266 days. From LMP: estimated conception ≈ LMP + 14 days + (cycle length − 28). Calendar estimate only; biological timing varies.,Estimated due date; First day of LMP; Average cycle length,Estimated conception date; Approximate 5-day prior window; Corresponding EDD,"Start with a direct answer describing exactly what the tool calculates. Show the exact implemented formula/algorithm and define every symbol, unit, and transformation. Explain every input: Estimated due date, First day of LMP, Average cycle length. Explain outputs: Estimated conception date, Approximate 5-day prior window, Corresponding EDD. Add a worked example using realistic values that reproduces the calculator result. Explain assumptions, valid input ranges, rounding, edge cases and when results can differ from official/clinical/lender calculations. Add concise FAQs that answer formula, input, result and limitation questions. Date-stamp all time-sensitive data and cite the authoritative current source.","Authoritative obstetric/reproductive formula source, gestational assumptions, date conventions, population scope and clinical limitations.",Conditional,When clinical guidance changes,"Ovulation can occur earlier or later than a simple cycle estimate, sperm can remain viable for several days, and fertilization/implantation timing varies. Clinical dating is based on obstetric methods rather than retrospective certainty about intercourse dates.",https://www.acog.org/clinical/clinical-guidance/committee-opinion/articles/2017/05/methods-for-estimating-the-due-date | https://www.calculator.net/pregnancy-conception-calculator.html,/pregnancy-conception-calculator/index.html
28,3,Pregnancy Weight Gain Calculator,pregnancy-weight-gain-calculator,Health & Fitness,Pregnancy / Reproductive Health,Calculator,Calculate pre-pregnancy BMI and see CDC-referenced total pregnancy weight-gain ranges for singleton or twin pregnancy.,Pre-pregnancy BMI = weight(kg)/height(m)^2. The BMI category selects the CDC total gestational weight-gain range; current gain = current weight − pre-pregnancy weight.,Height (cm); Pre-pregnancy weight (kg); Current weight (kg); Pregnancy,Recommended total pregnancy gain; Pre-pregnancy BMI; Current gain; Lower total target; Upper total target,"Start with a direct answer describing exactly what the tool calculates. Show the exact implemented formula/algorithm and define every symbol, unit, and transformation. Explain every input: Height (cm), Pre-pregnancy weight (kg), Current weight (kg), Pregnancy. Explain outputs: Recommended total pregnancy gain, Pre-pregnancy BMI, Current gain, Lower total target, Upper total target. Add a worked example using realistic values that reproduces the calculator result. Explain assumptions, valid input ranges, rounding, edge cases and when results can differ from official/clinical/lender calculations. Add concise FAQs that answer formula, input, result and limitation questions. Date-stamp all time-sensitive data and cite the authoritative current source.","Authoritative obstetric/reproductive formula source, gestational assumptions, date conventions, population scope and clinical limitations.",Conditional,When clinical guidance changes,"These are population-level total pregnancy ranges, not a personalized weekly prescription. Individual recommendations can differ based on health, fetal growth, multiple gestation, nausea/vomiting, edema, or clinician assessment.",https://cdc.gov/maternal-infant-health/pregnancy-weight/index.html,/pregnancy-weight-gain-calculator/index.html
29,3,Scientific Calculator,scientific-calculator,Math & Statistics,Math / Statistics / Geometry,Calculator,"Calculate trigonometric functions, inverse trig, logarithms, roots, powers, factorials, exponentials, and constants in degree or radian mode.","Scientific expression evaluation using arithmetic, powers, roots, factorial, log10, ln, exp, π/e and trig/inverse-trig. Degree mode converts degrees to radians xπ/180 before trig and converts inverse-trig results back to degrees.",Scientific expression,Result,"Start with a direct answer describing exactly what the tool calculates. Show the exact implemented formula/algorithm and define every symbol, unit, and transformation. Explain every input: Scientific expression. Explain outputs: Result. Add a worked example using realistic values that reproduces the calculator result. Explain assumptions, valid input ranges, rounding, edge cases and when results can differ from official/clinical/lender calculations. Add concise FAQs that answer formula, input, result and limitation questions.","No live data required; verify mathematical definition, notation, domain restrictions, rounding and edge cases.",No,Only if formula/definition changes,"Floating-point arithmetic can introduce tiny rounding differences. Function domains still apply—for example, square roots of negative real numbers and logarithms of non-positive numbers are not real-valued in this calculator.",https://www.calculator.net/scientific-calculator.html,/scientific-calculator/index.html
30,4,Age Calculator,age-calculator,Date & Time,Date / Time,Calculator,"Calculate age between two dates in years, months, and days, plus total days, weeks, hours, and time until the next birthday.","Calendar Age Method: Years, months, and days are counted as calendar units rather than treating every month as the same number of days. Total elapsed days are calculated separately from the date difference.",Date of birth; Age at date,Calendar age; Total days; Total weeks; Total hours; Next birthday,"Start with a direct answer describing exactly what the tool calculates. Show the exact implemented formula/algorithm and define every symbol, unit, and transformation. Explain every input: Date of birth, Age at date. Explain outputs: Calendar age, Total days, Total weeks, Total hours, Next birthday. Add a worked example using realistic values that reproduces the calculator result. Explain assumptions, valid input ranges, rounding, edge cases and when results can differ from official/clinical/lender calculations. Add concise FAQs that answer formula, input, result and limitation questions. Date-stamp all time-sensitive data and cite the authoritative current source.",Calendar convention and date arithmetic rules; time-zone functions require current IANA/browser data.,Conditional,When calendar/time-zone rules change,Month-end dates can be represented in more than one reasonable way because calendar months have different lengths. This implementation borrows days from the preceding target month when needed.,https://www.calculator.net/age-calculator.html,/age-calculator/index.html
31,4,Date Calculator,date-calculator,Date & Time,Date / Time,Calculator,"Calculate days between dates or add and subtract years, months, weeks, and days from a calendar date.","Date Calculation Method: Elapsed days are based on calendar-date differences. Date shifting uses calendar years and months first, followed by weeks and days, so month lengths and leap years are handled by the browser calendar.",Start date; End date; Include end date (+1 day); Years; Months; Weeks; Days,Difference; Calendar result; Total weeks,"Start with a direct answer describing exactly what the tool calculates. Show the exact implemented formula/algorithm and define every symbol, unit, and transformation. Explain every input: Start date, End date, Include end date (+1 day), Years, Months, Weeks, Days. Explain outputs: Difference, Calendar result, Total weeks. Add a worked example using realistic values that reproduces the calculator result. Explain assumptions, valid input ranges, rounding, edge cases and when results can differ from official/clinical/lender calculations. Add concise FAQs that answer formula, input, result and limitation questions. Date-stamp all time-sensitive data and cite the authoritative current source.",Calendar convention and date arithmetic rules; time-zone functions require current IANA/browser data.,Conditional,When calendar/time-zone rules change,This version does not exclude business days or holidays. Calendar month arithmetic near month-end can roll into the following month depending on the target month length.,https://www.calculator.net/date-calculator.html,/date-calculator/index.html
32,4,GPA Calculator,gpa-calculator,Education,Education,Calculator,Calculate a credit-weighted GPA on a standard 4.0 scale and optionally combine it with a prior cumulative GPA and completed credits.,GPA Formula: GPA = Σ(grade points × course credits) ÷ Σ(course credits),Prior GPA (optional); Prior completed credits,Semester GPA; Semester credits; Semester quality points; Courses included,"Start with a direct answer describing exactly what the tool calculates. Show the exact implemented formula/algorithm and define every symbol, unit, and transformation. Explain every input: Prior GPA (optional), Prior completed credits. Explain outputs: Semester GPA, Semester credits, Semester quality points, Courses included. Add a worked example using realistic values that reproduces the calculator result. Explain assumptions, valid input ranges, rounding, edge cases and when results can differ from official/clinical/lender calculations. Add concise FAQs that answer formula, input, result and limitation questions.","No live data required; verify mathematical definition, notation, domain restrictions, rounding and edge cases.",No,Only if formula/definition changes,Institutions use different grade scales and policies. This default 4.0 mapping should be changed if your school assigns different point values or weighting.,https://www.calculator.net/gpa-calculator.html,/gpa-calculator/index.html
33,4,Hours Calculator,hours-calculator,Date & Time,Date / Time,Calculator,"Calculate hours and minutes between two clock times, with an overnight option and decimal-hours output.","Elapsed minutes = end clock minutes − start clock minutes; if overnight and end < start, add 1,440 minutes. Decimal hours = elapsed minutes ÷ 60.","Start time; End time; If end is earlier, treat it as next day",Elapsed time; Total minutes; Total seconds,"Start with a direct answer describing exactly what the tool calculates. Show the exact implemented formula/algorithm and define every symbol, unit, and transformation. Explain every input: Start time, End time, If end is earlier, treat it as next day. Explain outputs: Elapsed time, Total minutes, Total seconds. Add a worked example using realistic values that reproduces the calculator result. Explain assumptions, valid input ranges, rounding, edge cases and when results can differ from official/clinical/lender calculations. Add concise FAQs that answer formula, input, result and limitation questions. Date-stamp all time-sensitive data and cite the authoritative current source.",Calendar convention and date arithmetic rules; time-zone functions require current IANA/browser data.,Conditional,When calendar/time-zone rules change,"This page does not subtract unpaid breaks, overtime rules, or workday policies. Use a time-card/payroll tool when those rules matter.",https://www.calculator.net/hours-calculator.html,/hours-calculator/index.html
34,4,Other Calculators,other-calculator,Other Tools,Other Tools,Hub,"Browse and filter CalcPro utility calculators for date and time, construction, measurements, electronics, internet, weather, transportation, and everyday tasks.",No mathematical formula. This is a filterable calculator-directory hub organized by practical categories.,Filter calculators,Visible categories,"Treat as a hub, not a calculator. Explain grouping, search/filter behavior, linked categories, and update process. Do not invent a formula.",No live numeric dataset; document navigation/embed behavior and the underlying calculator logic.,No,When site/tool structure changes,The directory only links to calculators available in the CalcPro project. Categories and links should be updated as additional calculator pages are completed.,https://www.calculator.net/other-calculator.html | https://www.calculator.net/,/other-calculator/index.html
35,4,Random Number Generator,random-number-generator,Math & Statistics,Math / Statistics / Geometry,Calculator,"Generate one or many random integers or decimals between custom limits, with optional uniqueness and sorting using browser cryptographic randomness when available.","Generation Method: For a uniform interval, a random value U between 0 and 1 is scaled into the requested range. Integer generation maps U to one of the inclusive integer outcomes.",Lower limit; Upper limit; How many?; Type; Decimal places; Sort; No duplicate results,Generated values,"Start with a direct answer describing exactly what the tool calculates. Show the exact implemented formula/algorithm and define every symbol, unit, and transformation. Explain every input: Lower limit, Upper limit, How many?, Type, Decimal places, Sort, No duplicate results. Explain outputs: Generated values. Add a worked example using realistic values that reproduces the calculator result. Explain assumptions, valid input ranges, rounding, edge cases and when results can differ from official/clinical/lender calculations. Add concise FAQs that answer formula, input, result and limitation questions.","No live data required; verify mathematical definition, notation, domain restrictions, rounding and edge cases.",No,Only if formula/definition changes,"Browser randomness is useful for general-purpose selection. Do not rely on this page alone for regulated lotteries, audited drawings, cryptographic key generation, or safety-critical applications.",https://www.calculator.net/random-number-generator.html | https://developer.mozilla.org/en-US/docs/Web/API/Crypto/getRandomValues,/random-number-generator/index.html
36,4,Standard Deviation Calculator,standard-deviation-calculator,Math & Statistics,Math / Statistics / Geometry,Calculator,"Calculate sample or population standard deviation, variance, mean, sum, count, standard error, and approximate 95% margin of error.",Standard Deviation Formulas: Population: σ = √[Σ(xᵢ−μ)² / N] Sample: s = √[Σ(xᵢ−x̄)² / (n−1)],Numbers; Dataset type,Standard deviation; Variance; Mean; Count; Sum; Standard error; Approx. 95% margin (1.96×SE),"Start with a direct answer describing exactly what the tool calculates. Show the exact implemented formula/algorithm and define every symbol, unit, and transformation. Explain every input: Numbers, Dataset type. Explain outputs: Standard deviation, Variance, Mean, Count, Sum, Standard error, Approx. 95% margin (1.96×SE). Add a worked example using realistic values that reproduces the calculator result. Explain assumptions, valid input ranges, rounding, edge cases and when results can differ from official/clinical/lender calculations. Add concise FAQs that answer formula, input, result and limitation questions.","No live data required; verify mathematical definition, notation, domain restrictions, rounding and edge cases.",No,Only if formula/definition changes,"The displayed 95% margin uses 1.96 × standard error as a simple normal-approximation value. Formal inference can require distributional assumptions and t critical values, especially for small samples.",https://www.calculator.net/standard-deviation-calculator.html,/standard-deviation-calculator/index.html
37,4,Time Calculator,time-calculator,Date & Time,Date / Time,Calculator,"Add or subtract two time durations in hours, minutes, and seconds and view the normalized result and total seconds.","Convert each duration to total seconds: S = 3600h + 60m + s. Add or subtract total seconds, then normalize the result back to hours:minutes:seconds.",Time 1; Operation; Time 2,Result; Total seconds; Total minutes,"Start with a direct answer describing exactly what the tool calculates. Show the exact implemented formula/algorithm and define every symbol, unit, and transformation. Explain every input: Time 1, Operation, Time 2. Explain outputs: Result, Total seconds, Total minutes. Add a worked example using realistic values that reproduces the calculator result. Explain assumptions, valid input ranges, rounding, edge cases and when results can differ from official/clinical/lender calculations. Add concise FAQs that answer formula, input, result and limitation questions. Date-stamp all time-sensitive data and cite the authoritative current source.",Calendar convention and date arithmetic rules; time-zone functions require current IANA/browser data.,Conditional,When calendar/time-zone rules change,This tool calculates durations rather than clock time zones or calendar dates. Negative results are allowed in subtraction mode.,https://www.calculator.net/time-calculator.html,/time-calculator/index.html
38,4,Triangle Calculator,triangle-calculator,Math & Statistics,Math / Statistics / Geometry,Calculator,"Solve triangles from SSS, SAS, or ASA/AAS inputs and calculate missing sides, angles, perimeter, and area.",Triangle Laws and Formulas: Law of cosines: a² = b² + c² − 2bc cos(A) Law of sines: a/sin(A) = b/sin(B) = c/sin(C) Heron area: √[s(s−a)(s−b)(s−c)],Side a; Side b; Side c; Included angle A (°); Angle A (°); Angle B (°),Solved triangle; Sides a / b / c; Angles A / B / C; Perimeter; Area,"Start with a direct answer describing exactly what the tool calculates. Show the exact implemented formula/algorithm and define every symbol, unit, and transformation. Explain every input: Side a, Side b, Side c, Included angle A (°), Angle A (°), Angle B (°). Explain outputs: Solved triangle, Sides a / b / c, Angles A / B / C, Perimeter, Area. Add a worked example using realistic values that reproduces the calculator result. Explain assumptions, valid input ranges, rounding, edge cases and when results can differ from official/clinical/lender calculations. Add concise FAQs that answer formula, input, result and limitation questions.","No live data required; verify mathematical definition, notation, domain restrictions, rounding and edge cases.",No,Only if formula/definition changes,"This version covers common unambiguous SSS, SAS, and two-angle cases. It does not implement the ambiguous SSA case.",https://www.calculator.net/triangle-calculator.html,/triangle-calculator/index.html
39,4,Volume Calculator,volume-calculator,Math & Statistics,Math / Statistics / Geometry,Calculator,"Calculate volume for common 3D solids including cube, rectangular prism, cylinder, sphere, and cone.",Common Volume Formulas: Cube: V = a³ Rectangular prism: V = lwh Cylinder: V = πr²h Sphere: V = 4πr³/3 Cone: V = πr²h/3,Shape,Volume; Formula; Input dimensions,"Start with a direct answer describing exactly what the tool calculates. Show the exact implemented formula/algorithm and define every symbol, unit, and transformation. Explain every input: Shape. Explain outputs: Volume, Formula, Input dimensions. Add a worked example using realistic values that reproduces the calculator result. Explain assumptions, valid input ranges, rounding, edge cases and when results can differ from official/clinical/lender calculations. Add concise FAQs that answer formula, input, result and limitation questions.","No live data required; verify mathematical definition, notation, domain restrictions, rounding and edge cases.",No,Only if formula/definition changes,"Inputs must use the same length unit. The page covers common regular solids, not irregular objects or composite shapes.",https://www.calculator.net/volume-calculator.html,/volume-calculator/index.html
40,5,Bra Size Calculator,bra-size-calculator,Other Tools,Health / Fitness / Nutrition,Calculator,"Estimate a starting bra band and cup size from underbust and bust measurements, with US, UK, EU, FR, and AU/NZ size labels.",Band = nearest even inch to snug underbust (implementation clamps 28–52). Cup difference = full bust (in) − band; cup index ≈ round(difference). Region labels map that index to US/UK/EU/FR/AU sequences.,Measurement unit; Sizing system; Snug underbust; Full bust,US / UK band; Bust-band difference; US cup label; UK cup label,"Start with a direct answer describing exactly what the tool calculates. Show the exact implemented formula/algorithm and define every symbol, unit, and transformation. Explain every input: Measurement unit, Sizing system, Snug underbust, Full bust. Explain outputs: US / UK band, Bust-band difference, US cup label, UK cup label. Add a worked example using realistic values that reproduces the calculator result. Explain assumptions, valid input ranges, rounding, edge cases and when results can differ from official/clinical/lender calculations. Add concise FAQs that answer formula, input, result and limitation questions. Date-stamp all time-sensitive data and cite the authoritative current source.","Authoritative formula source, population/age/sex applicability, units, cutoffs/reference ranges and limitations; avoid diagnostic claims.",Conditional,When clinical/exercise guidance changes,"Bra sizing is not globally standardized. A good fit also depends on cup shape, wire width, fabric stretch, and brand construction. The band should sit level, and the cups should contain tissue without obvious spilling or gaping.",https://www.calculator.net/bra-size-calculator.html | https://bracalc.com/bra-size-chart | https://www.noobintimates.com/guides/bra-size-guide,/bra-size-calculator/index.html
41,5,Concrete Calculator,concrete-calculator,Engineering & Construction,Engineering / Construction,Calculator,"Calculate concrete volume for slabs, round columns, or tubes, convert to cubic yards and cubic meters, and estimate common bag counts.",Concrete Volume Formulas: Rectangular volume is length × width × thickness . A solid cylinder is π × radius² × height . A hollow tube subtracts the inner cylinder from the outer cylinder.,Length (ft); Width (ft); Thickness (in); Quantity; Diameter (ft); Height / depth (ft); Outer diameter (ft); Inner diameter (ft); Height / length (ft); Waste allowance (%),Cubic feet; Cubic meters; 60 lb bags; 80 lb bags,"Start with a direct answer describing exactly what the tool calculates. Show the exact implemented formula/algorithm and define every symbol, unit, and transformation. Explain every input: Length (ft), Width (ft), Thickness (in), Quantity, Diameter (ft), Height / depth (ft), Outer diameter (ft), Inner diameter (ft), Height / length (ft), Waste allowance (%). Explain outputs: Cubic feet, Cubic meters, 60 lb bags, 80 lb bags. Add a worked example using realistic values that reproduces the calculator result. Explain assumptions, valid input ranges, rounding, edge cases and when results can differ from official/clinical/lender calculations. Add concise FAQs that answer formula, input, result and limitation questions. Date-stamp all time-sensitive data and cite the authoritative current source.","Exact engineering/geometry formula, units, standards; document any default density, waste factor, safety factor or material assumption.",Conditional,When standards/default factors change,"Explain formula domain, unit consistency, rounding, input validation and real-world limitations.",https://www.calculator.net/concrete-calculator.html | https://www.quikrete.com/pdfs/data_sheet-concrete%20mix%201101.pdf | https://www.sakrete.com/wp-content/uploads/2024/01/Sakrete-High-Strength-Concrete-Mix-TDS.pdf,/concrete-calculator/index.html
42,5,Currency Calculator,currency-calculator,Finance,Finance / Tax / Investment,Calculator,"Convert currencies using live exchange-rate data or enter a custom exchange rate, with inverse-rate and calculation details.",Currency Conversion Formula: Converted amount = Original amount × Exchange rate . The inverse rate is 1 ÷ exchange rate .,Amount; From; To; Rate (1 A = ? B),Rate; Inverse,"Start with a direct answer describing exactly what the tool calculates. Show the exact implemented formula/algorithm and define every symbol, unit, and transformation. Explain every input: Amount, From, To, Rate (1 A = ? B). Explain outputs: Rate, Inverse. Add a worked example using realistic values that reproduces the calculator result. Explain assumptions, valid input ranges, rounding, edge cases and when results can differ from official/clinical/lender calculations. Add concise FAQs that answer formula, input, result and limitation questions. Date-stamp all time-sensitive data and cite the authoritative current source.","Current FX reference rate, source, currency pair, timestamp/date; explain consumer spreads/fees.",Yes,Daily / whenever rate content is updated,"Live conversion requires an internet connection. The calculator does not add transfer fees, card foreign-transaction fees, commissions, or taxes unless you include them in a custom rate.",https://www.calculator.net/currency-calculator.html | https://frankfurter.dev/ | https://www.ecb.europa.eu/stats/policy_and_exchange_rates/euro_reference_exchange_rates/html/index.en.html,/currency-calculator/index.html
43,5,Finance Calculator,finance-calculator,Finance,Finance / Tax / Investment,Calculator,"Solve time-value-of-money variables including future value, present value, payment, number of periods, and periodic interest rate.","Core Time Value of Money Formula: For an ordinary annuity, the future-value relationship is based on PV(1+i)^N plus the accumulated value of periodic payments. Beginning-of-period payments gain one additional period of growth.",Solve for; N (# periods); Rate per period (%); PV; PMT; FV; Payment timing,Total scheduled payments; Rate convention,"Start with a direct answer describing exactly what the tool calculates. Show the exact implemented formula/algorithm and define every symbol, unit, and transformation. Explain every input: Solve for, N (# periods), Rate per period (%), PV, PMT, FV, Payment timing. Explain outputs: Total scheduled payments, Rate convention. Add a worked example using realistic values that reproduces the calculator result. Explain assumptions, valid input ranges, rounding, edge cases and when results can differ from official/clinical/lender calculations. Add concise FAQs that answer formula, input, result and limitation questions. Date-stamp all time-sensitive data and cite the authoritative current source.","Stable formula plus current official data for any quoted legal/tax/plan thresholds, eligibility rules, benchmark assumptions or fees.",Conditional,When product/rule assumptions change,The calculator assumes a constant periodic rate and equal periodic payments. It does not automatically convert nominal annual rates when payment and compounding frequencies differ; enter the effective rate for each period you are modeling.,https://www.calculator.net/finance-calculator.html | https://openstax.org/books/principles-managerial-accounting/pages/11-3-explain-the-time-value-of-money-and-calculate-present-and-future-values-of-lump-sums-and-annuities | https://openstax.org/books/principles-finance-2e/pages/8-2-annuities,/finance-calculator/index.html
44,5,Grade Calculator,grade-calculator,Education,Education,Calculator,"Calculate a weighted course grade, add assignment rows, and estimate the score needed on remaining coursework to reach a target grade.","Weighted Grade Formula: Weighted grade = Σ(score × weight) ÷ Σ(weights) . For final-grade planning, the calculator compares the grade points already earned with the course weight still remaining.",Target final grade (%); Remaining course weight (%),Weight entered; Needed on remaining work,"Start with a direct answer describing exactly what the tool calculates. Show the exact implemented formula/algorithm and define every symbol, unit, and transformation. Explain every input: Target final grade (%), Remaining course weight (%). Explain outputs: Weight entered, Needed on remaining work. Add a worked example using realistic values that reproduces the calculator result. Explain assumptions, valid input ranges, rounding, edge cases and when results can differ from official/clinical/lender calculations. Add concise FAQs that answer formula, input, result and limitation questions.","No live data required; verify mathematical definition, notation, domain restrictions, rounding and edge cases.",No,Only if formula/definition changes,"Extra credit, dropped assignments, category caps, curved grading, pass/fail rules, and institution-specific GPA policies can change the final result.",https://www.calculator.net/grade-calculator.html,/grade-calculator/index.html
45,5,Height Calculator,height-calculator,Other Tools,Other Tools,Calculator,Estimate a child's adult height from parental height using the mid-parental method and convert height exactly between feet/inches and centimeters.,Height Conversion Formula: NIST lists 1 inch = 2.54 centimeters and 1 foot = 30.48 centimeters. The converter uses these exact relationships.,Child sex; Input unit; Mother's height; Father's height; Feet; Inches; Centimeters,Metric; US format,"Start with a direct answer describing exactly what the tool calculates. Show the exact implemented formula/algorithm and define every symbol, unit, and transformation. Explain every input: Child sex, Input unit, Mother's height, Father's height, Feet, Inches, Centimeters. Explain outputs: Metric, US format. Add a worked example using realistic values that reproduces the calculator result. Explain assumptions, valid input ranges, rounding, edge cases and when results can differ from official/clinical/lender calculations. Add concise FAQs that answer formula, input, result and limitation questions.","No live data required; verify mathematical definition, notation, domain restrictions, rounding and edge cases.",No,Only if formula/definition changes,Adult height is influenced by genetics and environmental factors. The parent-only method is intentionally rough and should not be used to diagnose growth concerns. A pediatric clinician can assess growth patterns using appropriate charts and medical context.,https://www.calculator.net/height-calculator.html | https://www.healthychildren.org/English/health-issues/conditions/Glands-Growth-Disorders/Pages/Predicting-a-Childs-Adult-Height.aspx | https://www.nist.gov/pml/special-publication-811/nist-guide-si-appendix-b-conversion-factors/nist-guide-si-appendix-b8,/height-calculator/index.html
46,5,Inflation Calculator,inflation-calculator,Finance,Finance / Tax / Investment,Calculator,Compare U.S. dollar purchasing power with CPI-U data or project inflation forward and backward using a flat annual rate.,Inflation Calculator Formula: For CPI data: Adjusted value = Original value × (Target CPI ÷ Starting CPI) . For a constant annual rate: Future value = Present value × (1 + r)^n .,Amount ($); From period; To period; Amount; Starting CPI; Target CPI; Annual inflation rate (%); Years; Direction,Price-level change; Multiplier,"Start with a direct answer describing exactly what the tool calculates. Show the exact implemented formula/algorithm and define every symbol, unit, and transformation. Explain every input: Amount ($), From period, To period, Amount, Starting CPI, Target CPI, Annual inflation rate (%), Years, Direction. Explain outputs: Price-level change, Multiplier. Add a worked example using realistic values that reproduces the calculator result. Explain assumptions, valid input ranges, rounding, edge cases and when results can differ from official/clinical/lender calculations. Add concise FAQs that answer formula, input, result and limitation questions. Date-stamp all time-sensitive data and cite the authoritative current source.","CPI/index series values by date, geography, series/base definition and authoritative source.",Yes,When CPI/index data updates,"Flat-rate inflation is a scenario, not a forecast. CPI data can also be revised or unavailable for a specific month. This calculator does not model taxes, investment returns, wage growth, or changes in spending patterns.",https://www.calculator.net/inflation-calculator.html | https://www.bls.gov/cpi/data.htm | https://www.bls.gov/regions/mid-atlantic/data/consumerpriceindexhistorical_us_table.htm | https://fred.stlouisfed.org/series/CPIAUCNS,/inflation-calculator/index.html
47,5,IP Subnet Calculator,ip-subnet-calculator,Conversion & Web,Conversion / Science / Web,Calculator,"Calculate IPv4 network, broadcast, subnet mask, host range, address count, and inspect IPv6 network prefixes using CIDR notation.",IPv4: mask = (0xFFFFFFFF << (32−prefix)); network = IP AND mask; total addresses = 2^(32−prefix); broadcast = network + total − 1. /31 and /32 use special host semantics. IPv6: zero all host bits after the prefix to obtain the subnet prefix.,IPv4 address; Prefix length; IPv6 address,Mask / prefix; Total addresses; First / usable start; Last / broadcast,"Start with a direct answer describing exactly what the tool calculates. Show the exact implemented formula/algorithm and define every symbol, unit, and transformation. Explain every input: IPv4 address, Prefix length, IPv6 address. Explain outputs: Mask / prefix, Total addresses, First / usable start, Last / broadcast. Add a worked example using realistic values that reproduces the calculator result. Explain assumptions, valid input ranges, rounding, edge cases and when results can differ from official/clinical/lender calculations. Add concise FAQs that answer formula, input, result and limitation questions. Date-stamp all time-sensitive data and cite the authoritative current source.","Exact conversion constants/protocol/standard definitions, units and edge cases; cite primary standards where practical.",Conditional,When standards/constants change,"Explain formula domain, unit consistency, rounding, input validation and real-world limitations.",https://www.calculator.net/ip-subnet-calculator.html | https://www.rfc-editor.org/info/rfc4632/ | https://www.rfc-editor.org/info/rfc4291/ | https://www.rfc-editor.org/rfc/rfc3021,/ip-subnet-calculator/index.html
48,5,Mortgage Payoff Calculator,mortgage-payoff-calculator,Finance,Finance / Tax / Investment,Calculator,"Estimate how extra monthly, annual, or one-time mortgage payments can shorten payoff time and reduce remaining interest.","How the Mortgage Calculation Works: The base principal-and-interest payment uses the standard fixed-rate amortization formula. Each month, interest is charged on the remaining principal; the rest of the payment reduces principal. Extra principal lowers the balance sooner, which can reduce future interest.",Original loan amount; Original term (years); Interest rate (%); Remaining years; Extra remaining months; Current principal balance; Current monthly P&I payment; Extra each month; Extra once per year; One-time payment now,Interest saved; Months saved; Current balance; Base monthly P&I,"Start with a direct answer describing exactly what the tool calculates. Show the exact implemented formula/algorithm and define every symbol, unit, and transformation. Explain every input: Original loan amount, Original term (years), Interest rate (%), Remaining years, Extra remaining months, Current principal balance, Current monthly P&I payment, Extra each month, Extra once per year, One-time payment now. Explain outputs: Interest saved, Months saved, Current balance, Base monthly P&I. Add a worked example using realistic values that reproduces the calculator result. Explain assumptions, valid input ranges, rounding, edge cases and when results can differ from official/clinical/lender calculations. Add concise FAQs that answer formula, input, result and limitation questions. Date-stamp all time-sensitive data and cite the authoritative current source.","Stable formula plus current official data for any quoted legal/tax/plan thresholds, eligibility rules, benchmark assumptions or fees.",Conditional,When product/rule assumptions change,"Explain formula domain, unit consistency, rounding, input validation and real-world limitations.",https://www.calculator.net/mortgage-payoff-calculator.html | https://www.consumerfinance.gov/ask-cfpb/how-do-mortgage-lenders-calculate-monthly-payments-en-1965/ | https://www.consumerfinance.gov/ask-cfpb/how-does-paying-down-a-mortgage-work-en-1943/,/mortgage-payoff-calculator/index.html
49,5,2026 Federal Income Tax Calculator,tax-calculator,Finance,Finance / Tax / Investment,Calculator,"Estimate 2026 U.S. federal ordinary income tax using IRS tax brackets and standard deductions, with optional itemized deductions and withholding.","Taxable income = max(0, gross income − above-the-line adjustments − max(itemized deductions, applicable standard deduction)). Ordinary federal tax = sum of each progressive bracket portion × its marginal rate. Estimated refund/due = withholding/estimated payments − calculated tax.",Filing status; Ordinary gross income; Above-the-line adjustments; Itemized deductions; Federal tax withheld / estimated paid,Taxable income; Deduction used; Effective rate; Estimated refund / due,"Start with a direct answer describing exactly what the tool calculates. Show the exact implemented formula/algorithm and define every symbol, unit, and transformation. Explain every input: Filing status, Ordinary gross income, Above-the-line adjustments, Itemized deductions, Federal tax withheld / estimated paid. Explain outputs: Taxable income, Deduction used, Effective rate, Estimated refund / due. Add a worked example using realistic values that reproduces the calculator result. Explain assumptions, valid input ranges, rounding, edge cases and when results can differ from official/clinical/lender calculations. Add concise FAQs that answer formula, input, result and limitation questions. Date-stamp all time-sensitive data and cite the authoritative current source.","Current official thresholds, limits, eligibility rules, effective tax year/date and authoritative government source.",Yes,At least annually / whenever rules change,"This simplified estimator excludes many return-specific provisions, including tax credits, self-employment tax, preferential capital-gain rates, AMT, NIIT, QBI, and special deductions or phaseouts. Use IRS forms, instructions, or qualified tax help for filing decisions.",https://www.calculator.net/tax-calculator.html | https://www.irs.gov/newsroom/irs-releases-tax-inflation-adjustments-for-tax-year-2026-including-amendments-from-the-one-big-beautiful-bill | https://www.irs.gov/irb/2025-45_IRB | https://www.irs.gov/publications/p505,/tax-calculator/index.html
50,6,Calculators for Your Site,calculators-for-your-site,Other Tools,Other Tools,Hub,"Browse CalcPro embeddable calculator pages and generate responsive iframe code for mortgage, math, scientific, love, and concrete tools.","No mathematical formula. The page builds reusable iframe embed code from calculator URL, title and height settings.",Hosted calculator URL; Accessible title; Height (px),Embed/navigation output,"Treat as a hub, not a calculator. Explain grouping, search/filter behavior, linked categories, and update process. Do not invent a formula.",No live numeric dataset; document navigation/embed behavior and the underlying calculator logic.,No,When site/tool structure changes,"Explain formula domain, unit consistency, rounding, input validation and real-world limitations.",https://www.calculator.net/calculators-for-your-site.html | https://developer.mozilla.org/en-US/docs/Web/HTML/Reference/Elements/iframe,/calculators-for-your-site/index.html
51,6,Concrete Calculator for Your Site,concrete-calculator-for-your-site,Engineering & Construction,Engineering / Construction,Embed / Widget,"Calculate concrete volume for rectangular slabs, round columns, and circular tubes in common units, with optional waste allowance and embed code.","Concrete Volume Formulas: Rectangular: V = length × width × height Cylinder: V = π × (diameter ÷ 2)² × height Tube: V = π × (R² − r²) × height All dimensions are first converted to meters, then the result is displayed in cubic meters, cubic feet, and cubic yards.",Length; Width; Thickness / height; Dimension unit; Diameter; Depth / height; Outer diameter; Inner diameter; Length / height; Quantity; Waste allowance (%),Embed/navigation output,"Start with a direct answer describing exactly what the tool calculates. Show the exact implemented formula/algorithm and define every symbol, unit, and transformation. Explain every input: Length, Width, Thickness / height, Dimension unit, Diameter, Depth / height, Outer diameter, Inner diameter, Length / height, Quantity, Waste allowance (%). Add a worked example using realistic values that reproduces the calculator result. Explain assumptions, valid input ranges, rounding, edge cases and when results can differ from official/clinical/lender calculations. Add concise FAQs that answer formula, input, result and limitation questions.",No live numeric dataset; document navigation/embed behavior and the underlying calculator logic.,No,When site/tool structure changes,"Explain formula domain, unit consistency, rounding, input validation and real-world limitations.",https://www.calculator.net/concrete-calculator-for-your-site.html | https://www.nist.gov/pml/owm/metric-si/unit-conversion,/concrete-calculator-for-your-site/index.html
52,6,Conversion Calculator,conversion-calculator,Conversion & Web,Conversion / Science / Web,Calculator,"Convert common units of length, mass, temperature, area, volume, speed, pressure, and energy with clear category-aware formulas.",Temperature Conversion Formulas: °C = (°F − 32) × 5/9 °F = °C × 9/5 + 32 K = °C + 273.15 Temperature conversions cannot be treated as a simple ratio because the scales have different zero points.,Measurement category; From; To,Primary calculated result and supporting values,"Start with a direct answer describing exactly what the tool calculates. Show the exact implemented formula/algorithm and define every symbol, unit, and transformation. Explain every input: Measurement category, From, To. Add a worked example using realistic values that reproduces the calculator result. Explain assumptions, valid input ranges, rounding, edge cases and when results can differ from official/clinical/lender calculations. Add concise FAQs that answer formula, input, result and limitation questions. Date-stamp all time-sensitive data and cite the authoritative current source.","Exact conversion constants/protocol/standard definitions, units and edge cases; cite primary standards where practical.",Conditional,When standards/constants change,"Explain formula domain, unit consistency, rounding, input validation and real-world limitations.",https://www.calculator.net/conversion-calculator.html | https://www.nist.gov/pml/owm/metric-si/unit-conversion | https://www.nist.gov/pml/owm/metric-si/si-units,/conversion-calculator/index.html
53,6,Dice Roller,dice-roller,Conversion & Web,Conversion & Web,Calculator,"Roll standard six-sided dice or custom-sided virtual dice, view each result, the total, average, minimum, and maximum.","Uniform random integer per die in [1, sides] using crypto.getRandomValues() with rejection sampling to avoid modulo bias. Total = sum(rolls); average = total ÷ number of dice; range = min–max.",Number of dice; Sides on each die,Primary calculated result and supporting values,"Start with a direct answer describing exactly what the tool calculates. Show the exact implemented formula/algorithm and define every symbol, unit, and transformation. Explain every input: Number of dice, Sides on each die. Add a worked example using realistic values that reproduces the calculator result. Explain assumptions, valid input ranges, rounding, edge cases and when results can differ from official/clinical/lender calculations. Add concise FAQs that answer formula, input, result and limitation questions.","No live data required; verify mathematical definition, notation, domain restrictions, rounding and edge cases.",No,Only if formula/definition changes,"Explain formula domain, unit consistency, rounding, input validation and real-world limitations.",https://www.calculator.net/dice-roller.html | https://developer.mozilla.org/en-US/docs/Web/API/Crypto/getRandomValues,/dice-roller/index.html
54,6,House Affordability Calculator,house-affordability-calculator,Finance,Finance,Calculator,"Estimate an affordable home price from income and debt-to-income limits or from a fixed monthly housing budget, with taxes, insurance, HOA, and down payment.",How the Income and DTI Method Works: The Consumer Financial Protection Bureau defines debt-to-income ratio as monthly debt payments divided by gross monthly income. This calculator rearranges that relationship to estimate the maximum monthly housing amount available after the other monthly debts you enter. housing budget = gross monthly income × selected DTI − other monthly debts The DTI percentage is a user-selected planning assumption. CFPB notes that different lenders and loan products can use different limits.,Annual household income ($); Monthly debt payments ($); Total DTI limit (%); Monthly housing budget ($); Mortgage term (years); Interest rate (%); Down payment (%); Property tax (%/year); Insurance (%/year); HOA ($/month),Primary calculated result and supporting values,"Start with a direct answer describing exactly what the tool calculates. Show the exact implemented formula/algorithm and define every symbol, unit, and transformation. Explain every input: Annual household income ($), Monthly debt payments ($), Total DTI limit (%), Monthly housing budget ($), Mortgage term (years), Interest rate (%), Down payment (%), Property tax (%/year), Insurance (%/year), HOA ($/month). Add a worked example using realistic values that reproduces the calculator result. Explain assumptions, valid input ranges, rounding, edge cases and when results can differ from official/clinical/lender calculations. Add concise FAQs that answer formula, input, result and limitation questions.","No live data required; verify mathematical definition, notation, domain restrictions, rounding and edge cases.",No,Only if formula/definition changes,"The estimate does not model closing costs, mortgage insurance triggered by loan-to-value, points, adjustable rates, maintenance, utilities, lender reserves, credit-score effects, local insurance pricing, or income-verification rules. Property-tax and insurance inputs are percentages of estimated home price, which is a simplification.",https://www.calculator.net/house-affordability-calculator.html | https://www.consumerfinance.gov/ask-cfpb/what-is-a-debt-to-income-ratio-en-1791/ | https://selling-guide.fanniemae.com/sel/b3-6-02/debt-income-ratios,/house-affordability-calculator/index.html
55,6,Love Calculator for Your Site,love-calculator-for-your-site,Other Tools,Other Tools,Embed / Widget,Create a deterministic name-based compatibility score for entertainment only and generate a reusable iframe embed snippet.,"Entertainment algorithm: score = FNV-1a hash(sorted lowercase names joined with ""|"") mod 100. Deterministic and repeatable; not a scientific compatibility formula.",Person 1; Person 2,Embed/navigation output,"Start with a direct answer describing exactly what the tool calculates. Show the exact implemented formula/algorithm and define every symbol, unit, and transformation. Explain every input: Person 1, Person 2. Add a worked example using realistic values that reproduces the calculator result. Explain assumptions, valid input ranges, rounding, edge cases and when results can differ from official/clinical/lender calculations. Add concise FAQs that answer formula, input, result and limitation questions.",No live numeric dataset; document navigation/embed behavior and the underlying calculator logic.,No,When site/tool structure changes,"Explain formula domain, unit consistency, rounding, input validation and real-world limitations.",https://www.calculator.net/love-calculator-for-your-site.html,/love-calculator-for-your-site/index.html
56,6,Math Calculator for Your Site,math-calculator-for-your-site,Math & Statistics,Math / Statistics / Geometry,Embed / Widget,"Use and embed a compact four-function math calculator with parentheses, square root, exponent entry, sign change, and memory controls.","Standard arithmetic expression evaluation with +, −, ×, ÷, parentheses and normal operator precedence; quick functions include square, square root and exponent entry. Memory buttons store/recall numeric results.",Search CalcPro calculators; Search all calculators,Embed/navigation output,"Start with a direct answer describing exactly what the tool calculates. Show the exact implemented formula/algorithm and define every symbol, unit, and transformation. Explain every input: Search CalcPro calculators, Search all calculators. Add a worked example using realistic values that reproduces the calculator result. Explain assumptions, valid input ranges, rounding, edge cases and when results can differ from official/clinical/lender calculations. Add concise FAQs that answer formula, input, result and limitation questions.",No live numeric dataset; document navigation/embed behavior and the underlying calculator logic.,No,When site/tool structure changes,"Explain formula domain, unit consistency, rounding, input validation and real-world limitations.",https://www.calculator.net/math-calculator-for-your-site.html | https://developer.mozilla.org/en-US/docs/Web/JavaScript/Reference/Global_Objects/Number,/math-calculator-for-your-site/index.html
57,6,Mortgage Calculator for Your Site,mortgage-calculator-for-your-site,Date & Time,Finance / Tax / Investment,Embed / Widget,"Calculate a fixed-rate mortgage payment with optional annual property tax, PMI, and other costs, then generate an iframe embed snippet.","Mortgage Payment Formula: M = P × r(1+r)ⁿ ÷ ((1+r)ⁿ − 1) P is principal, r is the monthly interest rate, and n is the number of monthly payments. When the rate is zero, the payment is simply principal divided by the number of months.",Loan amount ($); Loan term (years); Interest rate (%); Property tax ($/year); PMI ($/year); Other cost ($/year),Embed/navigation output,"Start with a direct answer describing exactly what the tool calculates. Show the exact implemented formula/algorithm and define every symbol, unit, and transformation. Explain every input: Loan amount ($), Loan term (years), Interest rate (%), Property tax ($/year), PMI ($/year), Other cost ($/year). Add a worked example using realistic values that reproduces the calculator result. Explain assumptions, valid input ranges, rounding, edge cases and when results can differ from official/clinical/lender calculations. Add concise FAQs that answer formula, input, result and limitation questions.",No live numeric dataset; document navigation/embed behavior and the underlying calculator logic.,No,When site/tool structure changes,"Explain formula domain, unit consistency, rounding, input validation and real-world limitations.",https://www.calculator.net/mortgage-calculator-for-your-site.html | https://www.consumerfinance.gov/owning-a-home/,/mortgage-calculator-for-your-site/index.html
58,6,Password Generator,password-generator,Conversion & Web,Conversion & Web,Calculator,"Generate long random passwords locally in your browser, control character sets, avoid ambiguous characters, and estimate theoretical entropy.","Password characters are selected with Web Crypto randomness from the enabled character pool. Idealized entropy H = L × log2(N); when repeated characters are disabled, entropy uses log2 of ordered selections without replacement.",Password length; Lowercase; Uppercase; Numbers; Symbols; Exclude ambiguous; Exclude brackets; No repeated chars,Primary calculated result and supporting values,"Start with a direct answer describing exactly what the tool calculates. Show the exact implemented formula/algorithm and define every symbol, unit, and transformation. Explain every input: Password length, Lowercase, Uppercase, Numbers, Symbols, Exclude ambiguous, Exclude brackets, No repeated chars. Add a worked example using realistic values that reproduces the calculator result. Explain assumptions, valid input ranges, rounding, edge cases and when results can differ from official/clinical/lender calculations. Add concise FAQs that answer formula, input, result and limitation questions.","No live data required; verify mathematical definition, notation, domain restrictions, rounding and edge cases.",No,Only if formula/definition changes,"The entropy estimate is mathematical, not a guarantee of crack time. It assumes uniform random generation and does not model the target service’s hashing method, rate limits, attacker hardware, credential leaks, or password reuse.",https://www.calculator.net/password-generator.html | https://pages.nist.gov/800-63-4/sp800-63b.html | https://www.nist.gov/cybersecurity-and-privacy/how-do-i-create-good-password,/password-generator/index.html
59,6,Scientific Calculator for Your Site,scientific-calculator-for-your-site,Math & Statistics,Math / Statistics / Geometry,Embed / Widget,"Use and embed a scientific calculator with degree/radian modes, trigonometry, inverse trig, logs, powers, roots, constants, factorial, and memory.","Scientific expression evaluation with +, −, ×, ÷, powers, roots, factorial, logarithms and trigonometric functions. Degree mode uses xπ/180 for trig; inverse trig is converted back to degrees when degree mode is selected.",Search CalcPro calculators; Search all calculators,Embed/navigation output,"Start with a direct answer describing exactly what the tool calculates. Show the exact implemented formula/algorithm and define every symbol, unit, and transformation. Explain every input: Search CalcPro calculators, Search all calculators. Add a worked example using realistic values that reproduces the calculator result. Explain assumptions, valid input ranges, rounding, edge cases and when results can differ from official/clinical/lender calculations. Add concise FAQs that answer formula, input, result and limitation questions.",No live numeric dataset; document navigation/embed behavior and the underlying calculator logic.,No,When site/tool structure changes,"Browser calculations use IEEE-754 double-precision floating-point numbers. Extremely large or tiny values can overflow, underflow, or accumulate rounding error. Factorial is limited to 170! because larger factorials exceed the finite range of a JavaScript Number.",https://www.calculator.net/scientific-calculator-for-your-site.html | https://developer.mozilla.org/en-US/docs/Web/JavaScript/Reference/Global_Objects/Math,/scientific-calculator-for-your-site/index.html
60,7,Annuity Calculator,annuity-calculator,Finance,Finance / Tax / Investment,Calculator,"Estimate the accumulation value of an annuity-style investment using starting principal, recurring additions, growth rate, years, and contribution timing.","Annuity Future Value Method: Monthly rate = (1 + annual effective rate)^(1/12) − 1 The page then simulates each month, adding contributions either before or after that month’s growth depending on the selected timing. Beginning-of-period contributions receive one additional period of growth.",Starting principal; Years; Annual addition; Monthly addition; Annual growth rate; Additions occur,Primary calculated result and supporting values,"Start with a direct answer describing exactly what the tool calculates. Show the exact implemented formula/algorithm and define every symbol, unit, and transformation. Explain every input: Starting principal, Years, Annual addition, Monthly addition, Annual growth rate, Additions occur. Add a worked example using realistic values that reproduces the calculator result. Explain assumptions, valid input ranges, rounding, edge cases and when results can differ from official/clinical/lender calculations. Add concise FAQs that answer formula, input, result and limitation questions. Date-stamp all time-sensitive data and cite the authoritative current source.","Stable formula plus current official data for any quoted legal/tax/plan thresholds, eligibility rules, benchmark assumptions or fees.",Conditional,When product/rule assumptions change,"This is a mathematical accumulation model, not an insurance-contract quote. It does not include surrender charges, mortality and expense fees, caps, participation rates, guarantees, taxes, riders, or insurer crediting rules.",https://www.calculator.net/annuity-calculator.html | https://www.investor.gov/financial-tools-calculators/calculators/compound-interest-calculator,/annuity-calculator/index.html
61,7,Annuity Payout Calculator,annuity-payout-calculator,Finance,Finance / Tax / Investment,Calculator,Estimate a level annuity payout for a fixed term or estimate how long a starting balance can support a fixed payment at a constant return.,"What payment formula does the fixed-length mode use?: For a level end-of-period withdrawal, the calculator uses Payment = PV × i ÷ [1 − (1 + i)^−n], where i is the periodic rate and n is the number of payouts.",Starting principal; Annual return rate; Payout frequency; Years to payout; Fixed payment,Primary calculated result and supporting values,"Start with a direct answer describing exactly what the tool calculates. Show the exact implemented formula/algorithm and define every symbol, unit, and transformation. Explain every input: Starting principal, Annual return rate, Payout frequency, Years to payout, Fixed payment. Add a worked example using realistic values that reproduces the calculator result. Explain assumptions, valid input ranges, rounding, edge cases and when results can differ from official/clinical/lender calculations. Add concise FAQs that answer formula, input, result and limitation questions. Date-stamp all time-sensitive data and cite the authoritative current source.","Stable formula plus current official data for any quoted legal/tax/plan thresholds, eligibility rules, benchmark assumptions or fees.",Conditional,When product/rule assumptions change,"Actual investments fluctuate and commercial annuity payouts may include mortality credits, contract fees, guarantees, taxes, insurer strength, and surrender terms. This model does not represent those features.",https://www.calculator.net/annuity-payout-calculator.html,/annuity-payout-calculator/index.html
62,7,Credit Card Calculator,credit-card-calculator,Finance,Finance / Tax / Investment,Calculator,"Estimate a single credit card payoff time, required monthly payment, total interest, and payment schedule using balance and APR.","Credit Card Payment Formula: Payment = Balance × monthly rate ÷ [1 − (1 + monthly rate) −months ] The monthly model uses APR divided by 12 and assumes the rate stays constant, no new charges are added, and payments are made every month.",Credit card balance; APR; Monthly payment; Years; Extra months,Primary calculated result and supporting values,"Start with a direct answer describing exactly what the tool calculates. Show the exact implemented formula/algorithm and define every symbol, unit, and transformation. Explain every input: Credit card balance, APR, Monthly payment, Years, Extra months. Add a worked example using realistic values that reproduces the calculator result. Explain assumptions, valid input ranges, rounding, edge cases and when results can differ from official/clinical/lender calculations. Add concise FAQs that answer formula, input, result and limitation questions. Date-stamp all time-sensitive data and cite the authoritative current source.","Stable formula plus current official data for any quoted legal/tax/plan thresholds, eligibility rules, benchmark assumptions or fees.",Conditional,When product/rule assumptions change,"Actual credit cards may use daily periodic rates, average daily balances, variable APRs, promotional rates, fees, grace periods, new purchases, or different minimum-payment rules. Use your card agreement and statement for exact account terms.",https://www.calculator.net/credit-card-calculator.html | https://www.consumerfinance.gov/data-research/credit-card-data/know-you-owe-credit-cards/ | https://www.consumerfinance.gov/ask-cfpb/a-box-on-my-credit-card-bill-says-that-i-will-pay-off-the-balance-in-three-years-if-i-pay-a-certain-amount-what-does-that-mean-do-i-have-to-pay-that-much-if-i-pay-that-much-and-make-new-purchases-will-i-still-owe-nothing-after-three-years-en-36/,/credit-card-calculator/index.html
63,7,Credit Card Payoff Calculator,credit-card-payoff-calculator,Finance,Finance / Tax / Investment,Calculator,"Build a multi-card debt avalanche payoff plan using balances, APRs, minimum payments, and a fixed monthly credit-card budget.","Debt Avalanche Method: Monthly extra payment → highest-APR active card after modeled minimum payments are covered When a card is paid off, the plan keeps the same total monthly budget and redirects available money to the remaining cards. This accelerates principal reduction without lowering the entered budget.",Total monthly budget for cards,Primary calculated result and supporting values,"Start with a direct answer describing exactly what the tool calculates. Show the exact implemented formula/algorithm and define every symbol, unit, and transformation. Explain every input: Total monthly budget for cards. Add a worked example using realistic values that reproduces the calculator result. Explain assumptions, valid input ranges, rounding, edge cases and when results can differ from official/clinical/lender calculations. Add concise FAQs that answer formula, input, result and limitation questions. Date-stamp all time-sensitive data and cite the authoritative current source.","Stable formula plus current official data for any quoted legal/tax/plan thresholds, eligibility rules, benchmark assumptions or fees.",Conditional,When product/rule assumptions change,"This model assumes fixed APRs, no new charges, no transfer fees, no late fees, fixed entered minimums, and a constant monthly budget. Real issuers often use minimum-payment formulas that change with balance and interest.",https://www.calculator.net/credit-card-payoff-calculator.html | https://www.consumerfinance.gov/data-research/credit-card-data/know-you-owe-credit-cards/ | https://www.consumerfinance.gov/ask-cfpb/what-should-i-do-if-i-cant-pay-my-credit-card-bills-en-1697/,/credit-card-payoff-calculator/index.html
64,7,Estate Tax Calculator,estate-tax-calculator,Finance,Finance / Tax / Investment,Calculator,"Estimate a simplified 2026 U.S. federal estate tax using estate assets, deductible amounts, prior taxable gifts, and available exclusion.","Estate Tax Formula Used Here: Estimated tax = 40% × max(0, Taxable estate − Available exclusion) Taxable estate is modeled as gross estate minus the entered deductions. Available exclusion is modeled as the 2026 $15 million basic exclusion plus entered DSUE minus prior taxable gifts that used exclusion.",Real estate; Investments; Cash / bank accounts; Retirement assets; Life insurance included in estate; Other assets; Debts & mortgages; Administration / funeral expenses; Charitable deduction; Qualifying marital deduction; Prior taxable gifts using exclusion; DSUE / portable exclusion available,Primary calculated result and supporting values,"Start with a direct answer describing exactly what the tool calculates. Show the exact implemented formula/algorithm and define every symbol, unit, and transformation. Explain every input: Real estate, Investments, Cash / bank accounts, Retirement assets, Life insurance included in estate, Other assets, Debts & mortgages, Administration / funeral expenses, Charitable deduction, Qualifying marital deduction, Prior taxable gifts using exclusion, DSUE / portable exclusion available. Add a worked example using realistic values that reproduces the calculator result. Explain assumptions, valid input ranges, rounding, edge cases and when results can differ from official/clinical/lender calculations. Add concise FAQs that answer formula, input, result and limitation questions. Date-stamp all time-sensitive data and cite the authoritative current source.","Current official thresholds, limits, eligibility rules, effective tax year/date and authoritative government source.",Yes,At least annually / whenever rules change,"This calculator does not determine filing requirements, asset inclusion under complex ownership arrangements, state estate/inheritance tax, gift tax already paid, special-use valuation, QTIP elections, trusts, or GST tax.",https://www.irs.gov/instructions/i706 | https://www.irs.gov/businesses/small-businesses-self-employed/frequently-asked-questions-on-estate-taxes | https://www.calculator.net/estate-tax-calculator.html,/estate-tax-calculator/index.html
65,7,Marriage Tax Calculator,marriage-calculator,Date & Time,Date / Time,Calculator,Compare a simplified 2026 federal tax estimate for two people before marriage with married filing jointly using current IRS ordinary-income brackets.,Marriage Tax Formula: Marriage difference = Estimated joint federal tax − (Spouse 1 pre-marriage tax + Spouse 2 pre-marriage tax) A positive result is an estimated penalty under this limited model; a negative result is estimated savings. The tax function applies each 2026 marginal bracket progressively rather than multiplying all income by one rate.,Annual ordinary income; Pre-tax deductions; Before-marriage status; Itemized deduction (0 = standard); Joint itemized deduction (0 = 2026 joint standard deduction),Primary calculated result and supporting values,"Start with a direct answer describing exactly what the tool calculates. Show the exact implemented formula/algorithm and define every symbol, unit, and transformation. Explain every input: Annual ordinary income, Pre-tax deductions, Before-marriage status, Itemized deduction (0 = standard), Joint itemized deduction (0 = 2026 joint standard deduction). Add a worked example using realistic values that reproduces the calculator result. Explain assumptions, valid input ranges, rounding, edge cases and when results can differ from official/clinical/lender calculations. Add concise FAQs that answer formula, input, result and limitation questions. Date-stamp all time-sensitive data and cite the authoritative current source.",Calendar convention and date arithmetic rules; time-zone functions require current IANA/browser data.,Conditional,When calendar/time-zone rules change,"This page does not calculate child tax credits, earned income credit, education credits, qualified dividends, capital gains, self-employment tax, payroll tax, state/local tax, AMT, NIIT, phaseouts, or other special provisions.",https://www.irs.gov/newsroom/irs-releases-tax-inflation-adjustments-for-tax-year-2026-including-amendments-from-the-one-big-beautiful-bill | https://www.irs.gov/pub/irs-pdf/p505.pdf | https://www.calculator.net/marriage-calculator.html,/marriage-calculator/index.html
66,7,Pension Calculator,pension-calculator,Finance,Finance / Tax / Investment,Calculator,"Compare pension lump sums, monthly pension income, joint-survivor options, and delayed retirement using present-value cash-flow modeling.",Present Value Formula: Present value = Σ [Future pension payment ÷ (1 + monthly discount rate)^month] A month-by-month cash-flow model is used because COLA changes and survivor periods are easier to represent directly than with a single closed-form formula.,Retirement age; Life expectancy; Lump-sum offer; Monthly pension; Discount / investment rate; Pension COLA / year; Your retirement age; Your life expectancy; Spouse age at retirement; Spouse life expectancy; Single-life monthly pension; Joint-survivor monthly pension; Survivor percentage; Discount rate; COLA / year; Option 1 retirement age; Option 1 monthly pension; Option 2 retirement age; Option 2 monthly pension,Primary calculated result and supporting values,"Start with a direct answer describing exactly what the tool calculates. Show the exact implemented formula/algorithm and define every symbol, unit, and transformation. Explain every input: Retirement age, Life expectancy, Lump-sum offer, Monthly pension, Discount / investment rate, Pension COLA / year, Your retirement age, Your life expectancy, Spouse age at retirement, Spouse life expectancy, Single-life monthly pension, Joint-survivor monthly pension. Add a worked example using realistic values that reproduces the calculator result. Explain assumptions, valid input ranges, rounding, edge cases and when results can differ from official/clinical/lender calculations. Add concise FAQs that answer formula, input, result and limitation questions. Date-stamp all time-sensitive data and cite the authoritative current source.","Stable formula plus current official data for any quoted legal/tax/plan thresholds, eligibility rules, benchmark assumptions or fees.",Conditional,When product/rule assumptions change,"Real pension decisions can involve plan-specific elections, survivor rules, taxes, Social Security interactions, inflation, PBGC protection, health, longevity, and market risk. Review plan documents and professional advice before making an irrevocable pension election.",https://www.calculator.net/pension-calculator.html | https://www.dol.gov/general/topic/retirement,/pension-calculator/index.html
67,7,Rent Calculator,rent-calculator,Finance,Finance / Tax / Investment,Calculator,"Estimate a monthly rent budget from pre-tax income, existing debt, and adjustable housing and total-obligation ratios.","Rent Affordability Formula: Debt-aware rent = min(Gross monthly income × housing ratio, Gross monthly income × total-obligation ratio − monthly debt) The two ratios are editable because affordability varies by household. HUD commonly uses 30% of income as a housing-cost-burden threshold in housing research and assistance contexts, but that benchmark is not a personalized spending rule.",Pre-tax income; Income frequency; Monthly debt payments; Housing target (% of gross income); Total obligation target (%),Primary calculated result and supporting values,"Start with a direct answer describing exactly what the tool calculates. Show the exact implemented formula/algorithm and define every symbol, unit, and transformation. Explain every input: Pre-tax income, Income frequency, Monthly debt payments, Housing target (% of gross income), Total obligation target (%). Add a worked example using realistic values that reproduces the calculator result. Explain assumptions, valid input ranges, rounding, edge cases and when results can differ from official/clinical/lender calculations. Add concise FAQs that answer formula, input, result and limitation questions. Date-stamp all time-sensitive data and cite the authoritative current source.","Stable formula plus current official data for any quoted legal/tax/plan thresholds, eligibility rules, benchmark assumptions or fees.",Conditional,When product/rule assumptions change,"This calculator does not use local rental prices, landlord screening criteria, net income, credit scores, lease incentives, or public-housing eligibility rules.",https://www.calculator.net/rent-calculator.html | https://www.huduser.gov/portal/periodicals/cityscpe/vol20num1/Cityscape-March_2018.pdf,/rent-calculator/index.html
68,7,Savings Calculator,savings-calculator,Finance,Finance / Tax / Investment,Calculator,"Estimate future savings with an initial deposit, recurring contributions, contribution growth, compound interest, and optional tax on interest.",Formula Variables: Initial deposit is the starting principal. Contribution is new money added. Interest rate is the assumed annual effective return. Tax rate reduces interest in this simplified model. Time controls the number of compounding periods.,Initial deposit; Years to save; Monthly contribution; Monthly contribution increase / year; Annual contribution; Annual contribution increase / year; Annual interest rate; Tax rate on interest,Primary calculated result and supporting values,"Start with a direct answer describing exactly what the tool calculates. Show the exact implemented formula/algorithm and define every symbol, unit, and transformation. Explain every input: Initial deposit, Years to save, Monthly contribution, Monthly contribution increase / year, Annual contribution, Annual contribution increase / year, Annual interest rate, Tax rate on interest. Add a worked example using realistic values that reproduces the calculator result. Explain assumptions, valid input ranges, rounding, edge cases and when results can differ from official/clinical/lender calculations. Add concise FAQs that answer formula, input, result and limitation questions. Date-stamp all time-sensitive data and cite the authoritative current source.","Stable formula plus current official data for any quoted legal/tax/plan thresholds, eligibility rules, benchmark assumptions or fees.",Conditional,When product/rule assumptions change,"Actual savings rates can change, taxes can be more complex, fees may apply, and investment returns can be volatile. This estimate does not guarantee future performance.",https://www.calculator.net/savings-calculator.html | https://www.investor.gov/financial-tools-calculators/calculators/compound-interest-calculator,/savings-calculator/index.html
69,7,Social Security Calculator,social-security-calculator,Finance,Finance / Tax / Investment,Calculator,"Estimate U.S. Social Security retirement benefits by claim age using SSA early-retirement reductions, delayed credits, life expectancy, COLA, and discount-rate assumptions.","No separate formula heading. Implementation/purpose: This Social Security calculator estimates how claiming age can change a U.S. retirement benefit relative to the monthly benefit available at full retirement age. It applies SSA early-retirement reductions and delayed-retirement credits, then compares modeled present values from claim ages 62 through 70.",Birth year; Monthly benefit at full retirement age; Claim age; Life expectancy age; Assumed annual COLA; Discount / investment rate,Primary calculated result and supporting values,"Start with a direct answer describing exactly what the tool calculates. Show the exact implemented formula/algorithm and define every symbol, unit, and transformation. Explain every input: Birth year, Monthly benefit at full retirement age, Claim age, Life expectancy age, Assumed annual COLA, Discount / investment rate. Add a worked example using realistic values that reproduces the calculator result. Explain assumptions, valid input ranges, rounding, edge cases and when results can differ from official/clinical/lender calculations. Add concise FAQs that answer formula, input, result and limitation questions. Date-stamp all time-sensitive data and cite the authoritative current source.","Current official thresholds, limits, eligibility rules, effective tax year/date and authoritative government source.",Yes,At least annually / whenever rules change,"This page does not model spousal or survivor benefits, disability, earnings-test withholding, taxation of benefits, Medicare premiums, future law changes, exact SSA rounding, or your actual earnings record. For an official personalized estimate, use a my Social Security account.",https://www.ssa.gov/benefits/retirement/planner/agereduction.html | https://www.ssa.gov/benefits/retirement/planner/delayret.html | https://www.ssa.gov/benefits/calculators/ | https://www.calculator.net/social-security-calculator.html,/social-security-calculator/index.html
70,8,Bond Calculator,bond-calculator,Finance,Finance / Tax / Investment,Calculator,"Calculate bond price from face value, coupon rate, yield to maturity, term, and payment frequency, plus current yield and duration estimate.",Bond Pricing Formula: Price = Σ[C ÷ (1+y)^t] + Face Value ÷ (1+y)^n The calculator uses the periodic coupon and periodic yield based on the selected payment frequency.,Face value ($); Annual coupon rate (%); Yield to maturity (%); Years to maturity; Coupon payments per year,Estimated bond price; Annual coupon dollars; Coupon per payment; Current yield; Macaulay duration,"Start with a direct answer describing exactly what the tool calculates. Show the exact implemented formula/algorithm and define every symbol, unit, and transformation. Explain every input: Face value ($), Annual coupon rate (%), Yield to maturity (%), Years to maturity, Coupon payments per year. Explain outputs: Estimated bond price, Annual coupon dollars, Coupon per payment, Current yield, Macaulay duration. Add a worked example using realistic values that reproduces the calculator result. Explain assumptions, valid input ranges, rounding, edge cases and when results can differ from official/clinical/lender calculations. Add concise FAQs that answer formula, input, result and limitation questions. Date-stamp all time-sensitive data and cite the authoritative current source.","Stable formula plus current official data for any quoted legal/tax/plan thresholds, eligibility rules, benchmark assumptions or fees.",Conditional,When product/rule assumptions change,"This is a plain fixed-rate bond model. It does not model callable bonds, floating rates, credit spread changes, accrued interest, taxes, day-count conventions, settlement dates, default risk, or transaction costs.",https://www.investor.gov/introduction-investing/investing-basics/investment-products/bonds-or-fixed-income-products/bonds | https://www.investor.gov/introduction-investing/general-resources/news-alerts/alerts-bulletins/investor-bulletins/what-are | https://www.investor.gov/introduction-investing/investing-basics/glossary/current-yield,/bond-calculator/index.html
71,8,CD Calculator,cd-calculator,Finance,Finance / Tax / Investment,Calculator,"Calculate certificate of deposit maturity value, interest earned, effective APY, and an optional early-withdrawal penalty estimate.",CD Compound Interest Formula: A = P(1 + r/n)^(nt) APY = (1 + r/n)^n − 1,Deposit ($); Nominal annual rate (%); Term (years); Compounding; Early-withdrawal penalty (months of simple interest),Maturity value; Interest earned; Penalty estimate; Value after penalty estimate,"Start with a direct answer describing exactly what the tool calculates. Show the exact implemented formula/algorithm and define every symbol, unit, and transformation. Explain every input: Deposit ($), Nominal annual rate (%), Term (years), Compounding, Early-withdrawal penalty (months of simple interest). Explain outputs: Maturity value, Interest earned, Penalty estimate, Value after penalty estimate. Add a worked example using realistic values that reproduces the calculator result. Explain assumptions, valid input ranges, rounding, edge cases and when results can differ from official/clinical/lender calculations. Add concise FAQs that answer formula, input, result and limitation questions. Date-stamp all time-sensitive data and cite the authoritative current source.","Stable formula plus current official data for any quoted legal/tax/plan thresholds, eligibility rules, benchmark assumptions or fees.",Conditional,When product/rule assumptions change,"Actual CD disclosures may quote APY directly, use different day-count rules, offer callable or variable-rate features, or define early-withdrawal penalties differently. The penalty field here is a simplified estimate.",https://www.fdic.gov/consumer-resource-center/deposit-accounts,/cd-calculator/index.html
72,8,College Cost Calculator,college-cost-calculator,Education,Finance / Tax / Investment,Calculator,"Project college cost across multiple years using annual cost, cost inflation, grants, scholarships, savings, savings growth, and other family funding.",College Cost Projection Method: Projected year cost = current annual cost × (1 + inflation)^year Net price ≈ total projected cost − grants & scholarships Funding gap ≈ net price − projected savings,Current annual cost of attendance ($); Years of attendance; Annual cost increase (%); Annual grants & scholarships ($); Current college savings ($); Savings annual return (%); Monthly family contribution to savings ($),Estimated funding gap; Total projected sticker cost; Total grants & scholarships; Projected net cost; Projected savings available,"Start with a direct answer describing exactly what the tool calculates. Show the exact implemented formula/algorithm and define every symbol, unit, and transformation. Explain every input: Current annual cost of attendance ($), Years of attendance, Annual cost increase (%), Annual grants & scholarships ($), Current college savings ($), Savings annual return (%), Monthly family contribution to savings ($). Explain outputs: Estimated funding gap, Total projected sticker cost, Total grants & scholarships, Projected net cost, Projected savings available. Add a worked example using realistic values that reproduces the calculator result. Explain assumptions, valid input ranges, rounding, edge cases and when results can differ from official/clinical/lender calculations. Add concise FAQs that answer formula, input, result and limitation questions. Date-stamp all time-sensitive data and cite the authoritative current source.","Stable formula plus current official data for any quoted legal/tax/plan thresholds, eligibility rules, benchmark assumptions or fees.",Conditional,When product/rule assumptions change,"Actual cost of attendance can include tuition, fees, housing, food, books, transportation, and other expenses. Aid may change each year. Loans are not subtracted as grants because loans must generally be repaid.",https://studentaid.gov/articles/evaluating-financial-aid-offers/ | https://studentaid.gov/articles/financial-aid-dictionary/ | https://studentaid.gov/articles/4-things-consider-choosing-college-career-school/,/college-cost-calculator/index.html
73,8,Debt Consolidation Calculator,debt-consolidation-calculator,Finance,Finance / Tax / Investment,Calculator,"Compare multiple existing debts with a consolidation loan using balances, APRs, payments, new-loan rate, term, and fees.",Consolidation Loan Formula: New payment = P × [r(1+r)^n] ÷ [(1+r)^n − 1] The current-debt comparison solves each entered debt as a fixed-payment amortizing balance using its entered payment and APR.,Consolidation APR (%); New term (years); Origination / upfront fee ($),New estimated monthly payment; Total balance consolidated; Current monthly payments; Estimated consolidation interest; New total cost incl. fee; Estimated current payoff cost*; Estimated cost difference,"Start with a direct answer describing exactly what the tool calculates. Show the exact implemented formula/algorithm and define every symbol, unit, and transformation. Explain every input: Consolidation APR (%), New term (years), Origination / upfront fee ($). Explain outputs: New estimated monthly payment, Total balance consolidated, Current monthly payments, Estimated consolidation interest, New total cost incl. fee, Estimated current payoff cost*, Estimated cost difference. Add a worked example using realistic values that reproduces the calculator result. Explain assumptions, valid input ranges, rounding, edge cases and when results can differ from official/clinical/lender calculations. Add concise FAQs that answer formula, input, result and limitation questions. Date-stamp all time-sensitive data and cite the authoritative current source.","Stable formula plus current official data for any quoted legal/tax/plan thresholds, eligibility rules, benchmark assumptions or fees.",Conditional,When product/rule assumptions change,"Real credit cards often use changing minimum-payment formulas rather than fixed payments. Consolidation can also affect credit, collateral exposure, eligibility, and behavior. CFPB advises reviewing why debt accumulated and considering costs before consolidating.",https://www.consumerfinance.gov/ask-cfpb/what-do-i-need-to-know-if-im-thinking-about-consolidating-my-credit-card-debt-en-1861/,/debt-consolidation-calculator/index.html
74,8,Debt Payoff Calculator,debt-payoff-calculator,Finance,Finance / Tax / Investment,Calculator,"Compare debt avalanche and snowball payoff strategies using balances, APRs, minimum payments, and an extra monthly payment.","Debt Payoff Method: Each month, interest is added to active balances, minimum payments are applied, and the remaining payment budget is directed to the priority debt. The priority is either the highest APR or the smallest current balance.",Extra payment each month ($); Strategy,Estimated payoff time; Total starting debt; Total interest; Monthly budget at start; Estimated final payment,"Start with a direct answer describing exactly what the tool calculates. Show the exact implemented formula/algorithm and define every symbol, unit, and transformation. Explain every input: Extra payment each month ($), Strategy. Explain outputs: Estimated payoff time, Total starting debt, Total interest, Monthly budget at start, Estimated final payment. Add a worked example using realistic values that reproduces the calculator result. Explain assumptions, valid input ranges, rounding, edge cases and when results can differ from official/clinical/lender calculations. Add concise FAQs that answer formula, input, result and limitation questions. Date-stamp all time-sensitive data and cite the authoritative current source.","Stable formula plus current official data for any quoted legal/tax/plan thresholds, eligibility rules, benchmark assumptions or fees.",Conditional,When product/rule assumptions change,"The simulation assumes fixed APRs, monthly compounding, no new charges, no late fees, and a constant payoff budget. Real credit-card minimums may change as balances change.",https://files.consumerfinance.gov/f/documents/bcfp_your-money-goals_debt_booklet_print.pdf | https://www.consumerfinance.gov/archive/blog/how-reduce-your-debt/,/debt-payoff-calculator/index.html
75,8,Mutual Fund Calculator,mutual-fund-calculator,Finance,Finance / Tax / Investment,Calculator,"Project mutual fund growth using starting investment, monthly contributions, assumed return, expense ratio, sales load, and investment horizon.","Mutual Fund Projection Method: The calculator deducts the entered front-end load from the initial investment, approximates annual operating expenses by subtracting the expense ratio from the assumed annual return, and compounds monthly with contributions.",Initial investment ($); Monthly contribution ($); Years; Assumed gross annual return (%); Annual expense ratio (%); Front-end sales load (%),Projected ending value; Total cash contributed; Initial sales-load cost; Projected growth after modeled expenses; Approx. value with zero expense ratio*,"Start with a direct answer describing exactly what the tool calculates. Show the exact implemented formula/algorithm and define every symbol, unit, and transformation. Explain every input: Initial investment ($), Monthly contribution ($), Years, Assumed gross annual return (%), Annual expense ratio (%), Front-end sales load (%). Explain outputs: Projected ending value, Total cash contributed, Initial sales-load cost, Projected growth after modeled expenses, Approx. value with zero expense ratio*. Add a worked example using realistic values that reproduces the calculator result. Explain assumptions, valid input ranges, rounding, edge cases and when results can differ from official/clinical/lender calculations. Add concise FAQs that answer formula, input, result and limitation questions. Date-stamp all time-sensitive data and cite the authoritative current source.","Stable formula plus current official data for any quoted legal/tax/plan thresholds, eligibility rules, benchmark assumptions or fees.",Conditional,When product/rule assumptions change,"Subtracting the expense ratio from return is a simplified illustration, not a forecast of actual NAV accounting. Mutual funds can have transaction fees, loads, taxes, varying returns, distributions, and other costs.",https://www.investor.gov/introduction-investing/investing-basics/investment-products/mutual-funds-and-exchange-traded-funds-etfs/mutual-funds | https://www.investor.gov/introduction-investing/general-resources/news-alerts/alerts-bulletins/investor-bulletins/mutual-fund-and-etf-fees-and-expenses-investor-bulletin | https://www.investor.gov/introduction-investing/investing-basics/glossary/expense-ratio,/mutual-fund-calculator/index.html
76,8,Repayment Calculator,repayment-calculator,Finance,Finance / Tax / Investment,Calculator,"Calculate fixed-loan repayment time, monthly payment, total interest, and the impact of recurring extra payments.",Repayment Formula: Payment = P × [r(1+r)^n] ÷ [(1+r)^n − 1] Monthly interest = balance × monthly rate Principal paid = payment − interest,Loan balance ($); Annual interest (%); Scheduled term (years); Extra monthly payment ($),Required scheduled payment; Interest with extra payment; Interest saved; Months saved; Total monthly payment used,"Start with a direct answer describing exactly what the tool calculates. Show the exact implemented formula/algorithm and define every symbol, unit, and transformation. Explain every input: Loan balance ($), Annual interest (%), Scheduled term (years), Extra monthly payment ($). Explain outputs: Required scheduled payment, Interest with extra payment, Interest saved, Months saved, Total monthly payment used. Add a worked example using realistic values that reproduces the calculator result. Explain assumptions, valid input ranges, rounding, edge cases and when results can differ from official/clinical/lender calculations. Add concise FAQs that answer formula, input, result and limitation questions. Date-stamp all time-sensitive data and cite the authoritative current source.","Stable formula plus current official data for any quoted legal/tax/plan thresholds, eligibility rules, benchmark assumptions or fees.",Conditional,When product/rule assumptions change,"The calculator assumes a fixed rate, monthly compounding, no fees, and immediate application of extra payments to principal. Verify lender instructions for extra payments.",https://www.consumerfinance.gov/paying-for-college/repay-student-debt/student-loan-debt-tips/,/repayment-calculator/index.html
77,8,Roth IRA Calculator,roth-ira-calculator,Finance,Finance / Tax / Investment,Calculator,"Estimate 2026 Roth IRA contribution eligibility and project account growth using age, filing status, modified AGI, taxable compensation, contributions, and assumed return.","2026 Roth IRA Contribution Rules Used: 2026 IRA limit: $7,500 Age 50+ limit: $8,600 Single/HOH Roth phase-out: $153,000–$168,000 MFJ Roth phase-out: $242,000–$252,000 MFS lived with spouse: $0–$10,000 Within a phase-out range, the calculator applies the IRS worksheet approach and rounds the reduced limit up to the nearest $10, with the worksheet’s $200 minimum rule when applicable.",Age; Filing status; Modified AGI ($); Taxable compensation ($); Other traditional/Roth IRA contributions for year ($); Current Roth IRA balance ($); Years to project; Assumed annual return (%),Estimated 2026 maximum Roth IRA contribution; Base IRA annual limit used; Projected ending balance*; Total projected future contributions; Projected growth,"Start with a direct answer describing exactly what the tool calculates. Show the exact implemented formula/algorithm and define every symbol, unit, and transformation. Explain every input: Age, Filing status, Modified AGI ($), Taxable compensation ($), Other traditional/Roth IRA contributions for year ($), Current Roth IRA balance ($), Years to project, Assumed annual return (%). Explain outputs: Estimated 2026 maximum Roth IRA contribution, Base IRA annual limit used, Projected ending balance*, Total projected future contributions, Projected growth. Add a worked example using realistic values that reproduces the calculator result. Explain assumptions, valid input ranges, rounding, edge cases and when results can differ from official/clinical/lender calculations. Add concise FAQs that answer formula, input, result and limitation questions. Date-stamp all time-sensitive data and cite the authoritative current source.","Current official thresholds, limits, eligibility rules, effective tax year/date and authoritative government source.",Yes,At least annually / whenever rules change,Modified AGI rules can be complex. The shared annual limit applies across traditional and Roth IRAs. Eligibility can also depend on compensation and tax details not fully captured here. IRS limits change over time.,https://www.irs.gov/newsroom/401k-limit-increases-to-24500-for-2026-ira-limit-increases-to-7500 | https://www.irs.gov/retirement-plans/plan-participant-employee/retirement-topics-ira-contribution-limits | https://www.irs.gov/publications/p590a,/roth-ira-calculator/index.html
78,8,Simple Interest Calculator,simple-interest-calculator,Finance,Finance / Tax / Investment,Calculator,"Calculate simple interest, final amount, principal, annual rate, or time using I = P × r × t.","Simple Interest Formula: I = P × r × t A = P + I P is principal, r is the annual rate as a decimal, t is time in years, I is interest, and A is the final amount.",Principal ($); Annual rate (%); Time (years); Interest ($),Interest,"Start with a direct answer describing exactly what the tool calculates. Show the exact implemented formula/algorithm and define every symbol, unit, and transformation. Explain every input: Principal ($), Annual rate (%), Time (years), Interest ($). Explain outputs: Interest. Add a worked example using realistic values that reproduces the calculator result. Explain assumptions, valid input ranges, rounding, edge cases and when results can differ from official/clinical/lender calculations. Add concise FAQs that answer formula, input, result and limitation questions. Date-stamp all time-sensitive data and cite the authoritative current source.","Stable formula plus current official data for any quoted legal/tax/plan thresholds, eligibility rules, benchmark assumptions or fees.",Conditional,When product/rule assumptions change,Many real savings products and loans compound rather than use simple interest over the full term. Confirm the contract’s interest method before applying this formula.,https://www.calculator.net/simple-interest-calculator.html,/simple-interest-calculator/index.html
79,8,Student Loan Calculator,student-loan-calculator,Education,Finance / Tax / Investment,Calculator,"Estimate student-loan monthly payment, in-school interest accrual, capitalization, total repayment, and extra-payment effects with current 2026 federal-plan context.",Student Loan Calculation Method: Simple daily accrual estimate before repayment ≈ Principal × annual rate ÷ 365 × days Fixed repayment payment = P × [r(1+r)^n] ÷ [(1+r)^n − 1],Original / current principal ($); Interest rate (%); Months before repayment; Repayment term (years); Extra monthly payment ($),Estimated scheduled payment; Interest accrued before repayment; Repayment starting balance; Total interest during repayment; Total repaid after repayment starts,"Start with a direct answer describing exactly what the tool calculates. Show the exact implemented formula/algorithm and define every symbol, unit, and transformation. Explain every input: Original / current principal ($), Interest rate (%), Months before repayment, Repayment term (years), Extra monthly payment ($). Explain outputs: Estimated scheduled payment, Interest accrued before repayment, Repayment starting balance, Total interest during repayment, Total repaid after repayment starts. Add a worked example using realistic values that reproduces the calculator result. Explain assumptions, valid input ranges, rounding, edge cases and when results can differ from official/clinical/lender calculations. Add concise FAQs that answer formula, input, result and limitation questions. Date-stamp all time-sensitive data and cite the authoritative current source.","Current official thresholds, limits, eligibility rules, effective tax year/date and authoritative government source.",Yes,At least annually / whenever rules change,"Federal and private student loans have different interest-accrual, capitalization, repayment, subsidy, and forgiveness rules. As of 2026, federal repayment-plan eligibility also depends on loan type and disbursement date. This calculator does not determine plan eligibility.",https://studentaid.gov/articles/faqs-idr-plan/ | https://mohela.studentaid.gov/DL/calculators/loanrepayform.aspx | https://www.consumerfinance.gov/paying-for-college/repay-student-debt/student-loan-debt-tips/,/student-loan-calculator/index.html
80,9,Auto Lease Calculator,auto-lease-calculator,Finance,Finance / Tax / Investment,Calculator,"Estimate a monthly car lease payment from capitalized cost, residual value, lease term, APR-equivalent money factor, and tax.","Auto Lease Formula: Monthly depreciation is (adjusted cap cost − residual value) ÷ months . A common lease finance charge is (adjusted cap cost + residual value) × money factor . When APR is stated as a percentage, an approximate money factor is APR ÷ 2400 .",Agreed vehicle price; Lease term (months); Down payment / cap reduction; Trade-in credit; Lease APR equivalent (%); Residual value; Sales tax on monthly payment (%),Primary calculated result and supporting values,"Start with a direct answer describing exactly what the tool calculates. Show the exact implemented formula/algorithm and define every symbol, unit, and transformation. Explain every input: Agreed vehicle price, Lease term (months), Down payment / cap reduction, Trade-in credit, Lease APR equivalent (%), Residual value, Sales tax on monthly payment (%). Add a worked example using realistic values that reproduces the calculator result. Explain assumptions, valid input ranges, rounding, edge cases and when results can differ from official/clinical/lender calculations. Add concise FAQs that answer formula, input, result and limitation questions. Date-stamp all time-sensitive data and cite the authoritative current source.","Stable formula plus current official data for any quoted legal/tax/plan thresholds, eligibility rules, benchmark assumptions or fees.",Conditional,When product/rule assumptions change,"Real leases may treat acquisition fees, taxes, rebates, security deposits, first payments, mileage, negative equity, and incentives differently. The CFPB also requires specific lease disclosures. Use the lessor’s actual disclosure form for final payment figures. Frequently Asked Questions How do I convert APR to a money factor? A common approximation is APR as a percent divided by 2400. For example, 6% ÷ 2400 = 0.0025. A lessor may quote the money factor directly, and contract terms control. Why does residual value matter so much? The payment largely covers the vehicle’s expected depreciation during the lease. A higher residual value means less depreciation is being paid for over the lease term, all else equal. Is a down payment on a lease always a good idea? A capitalized-cost reduction can lower monthly payments, but it also puts more cash at risk upfront. The financial effect depends on the contract, insurance settlement terms, and your preference for upfront versus monthly cost. Sources and Methodology The calculator logic is implemented locally in your browser. Formulas and terminology were cross-checked against the references below. Estimates can differ from lender, tax-authority, plan-administrator, or contract calculations because real-world rules may add timing, rounding",https://www.consumerfinance.gov/ask-cfpb/what-should-i-know-about-leasing-versus-buying-a-car-en-815/ | https://www.consumerfinance.gov/rules-policy/regulations/1013/4/ | https://www.calculator.net/auto-lease-calculator.html,/auto-lease-calculator/index.html
81,9,Average Return Calculator,average-return-calculator,Finance,Finance / Tax / Investment,Calculator,"Calculate arithmetic, geometric, cumulative, or money-weighted annualized investment returns with clear compounding logic.",Return Formulas: The arithmetic mean is the sum of period returns divided by the number of periods. The geometric mean compounds each growth factor and then takes the nth root: [(1+r1)(1+r2)…(1+rn)]^(1/n) − 1 . The dated cash-flow mode solves for the annual rate that makes discounted cash flows sum to zero.,Returns (%) separated by commas; Starting balance; Start date; Ending balance; End date; Deposit (+) / withdrawal (-); Cash-flow date,Primary calculated result and supporting values,"Start with a direct answer describing exactly what the tool calculates. Show the exact implemented formula/algorithm and define every symbol, unit, and transformation. Explain every input: Returns (%) separated by commas, Starting balance, Start date, Ending balance, End date, Deposit (+) / withdrawal (-), Cash-flow date. Add a worked example using realistic values that reproduces the calculator result. Explain assumptions, valid input ranges, rounding, edge cases and when results can differ from official/clinical/lender calculations. Add concise FAQs that answer formula, input, result and limitation questions. Date-stamp all time-sensitive data and cite the authoritative current source.","Stable formula plus current official data for any quoted legal/tax/plan thresholds, eligibility rules, benchmark assumptions or fees.",Conditional,When product/rule assumptions change,"This calculator does not adjust for inflation, taxes, fees, benchmark risk, volatility, or irregular multiple cash flows beyond the single optional intermediate flow provided. Past returns do not guarantee future performance. Frequently Asked Questions Why is geometric average usually lower than arithmetic average? Volatility creates a compounding drag. A gain and an equal percentage loss do not cancel because they apply to different bases. Geometric averaging captures this compounding effect, while arithmetic averaging does not. What is a money-weighted return? A money-weighted return accounts for the timing and size of deposits and withdrawals. It solves for the annualized rate that makes the present value of all dated cash flows equal to zero. Can average return predict future performance? No. Historical average return is a description of past observations under a chosen method. Future returns can differ significantly and can be negative. Sources and Methodology The calculator logic is implemented locally in your browser. Formulas and terminology were cross-checked against the references below. Estimates can differ from lender, tax-authority, plan-administrator, or contract calculations because real-world rules may add timing, rounding, eligibility, fees, or jurisdiction-speci",https://www.calculator.net/average-return-calculator.html,/average-return-calculator/index.html
82,9,Business Loan Calculator,business-loan-calculator,Finance,Finance / Tax / Investment,Calculator,"Estimate fixed monthly business loan payments, total interest, fees, amortization, and an illustrative fee-adjusted APR.","Business Loan Payment Formula: For monthly amortization, payment is based on principal, monthly interest rate, and number of payments: P × r ÷ [1 − (1+r)^−n] . Total interest equals all scheduled payments minus original principal.","Loan amount; Interest rate (APR %, before fees); Term (years); Extra months; Origination fee; Documentation fee; Other upfront fees",Primary calculated result and supporting values,"Start with a direct answer describing exactly what the tool calculates. Show the exact implemented formula/algorithm and define every symbol, unit, and transformation. Explain every input: Loan amount, Interest rate (APR %, before fees), Term (years), Extra months, Origination fee, Documentation fee, Other upfront fees. Add a worked example using realistic values that reproduces the calculator result. Explain assumptions, valid input ranges, rounding, edge cases and when results can differ from official/clinical/lender calculations. Add concise FAQs that answer formula, input, result and limitation questions. Date-stamp all time-sensitive data and cite the authoritative current source.","Stable formula plus current official data for any quoted legal/tax/plan thresholds, eligibility rules, benchmark assumptions or fees.",Conditional,When product/rule assumptions change,"This model assumes a fully amortizing fixed-rate monthly loan. It does not model daily or weekly repayment, interest-only periods, balloon payments, variable rates, SBA guarantee fees, prepayment penalties, compounding conventions, or lender-specific APR disclosure rules. Frequently Asked Questions Why can APR be higher than the stated interest rate? Upfront finance charges reduce the amount of usable proceeds while the scheduled payments may stay the same. When those fees are included in the cost calculation, the annualized borrowing rate can be higher than the note rate. Does this calculator work for daily or weekly business loans? No. This version assumes monthly amortizing payments. Short-term products with daily or weekly debits can use different pricing methods, so their stated factor rate or fee should not be treated as directly equivalent to APR. Does a lower monthly payment mean a cheaper loan? Not always. Extending the term can lower each payment while increasing total interest. Compare total payments, fees, annualized cost, and loan structure—not only the monthly amount. Sources and Methodology The calculator logic is implemented locally in your browser. Formulas and terminology were cross-checked against the references below. Estimates can differ from lender, tax-auth",https://www.calculator.net/business-loan-calculator.html | https://www.sba.gov/funding-programs/loans,/business-loan-calculator/index.html
83,9,Cash Back vs Low Interest Calculator,cash-back-or-low-interest-calculator,Health & Fitness,Finance / Tax / Investment,Calculator,Compare an auto cash-back rebate with a low-interest financing offer using monthly payment and total-cost estimates.,For each offer: financed principal = vehicle price − down payment − trade-in + estimated tax + fees − applicable rebate. Monthly payment M = P·r(1+r)^n / ((1+r)^n−1). Compare total scheduled payments for rebate/high-APR vs low-APR/no-rebate.,Vehicle price; Loan term (months); Cash-back amount; APR with cash back (%); Low-interest APR (%); Down payment; Trade-in value; Sales tax (%); Title/registration/other fees,Primary calculated result and supporting values,"Start with a direct answer describing exactly what the tool calculates. Show the exact implemented formula/algorithm and define every symbol, unit, and transformation. Explain every input: Vehicle price, Loan term (months), Cash-back amount, APR with cash back (%), Low-interest APR (%), Down payment, Trade-in value, Sales tax (%), Title/registration/other fees. Add a worked example using realistic values that reproduces the calculator result. Explain assumptions, valid input ranges, rounding, edge cases and when results can differ from official/clinical/lender calculations. Add concise FAQs that answer formula, input, result and limitation questions. Date-stamp all time-sensitive data and cite the authoritative current source.","Stable formula plus current official data for any quoted legal/tax/plan thresholds, eligibility rules, benchmark assumptions or fees.",Conditional,When product/rule assumptions change,"Vehicle-tax rules vary by jurisdiction, including whether rebates and trade-ins reduce the taxable amount. Dealer fees, manufacturer restrictions, credit qualification, prepayment, and timing can also change the real cost. Use the contract disclosures for a final decision. Frequently Asked Questions Should I choose the offer with the lower monthly payment? Not necessarily. A lower monthly payment can result from a lower APR, a smaller amount financed, or a longer term. Compare total cost over the same term and confirm that taxes and fees are treated the same. Does a cash rebate always reduce sales tax? No. Tax treatment of manufacturer rebates and trade-ins varies by jurisdiction. This calculator uses a stated generic assumption, so local rules should be checked before relying on the result. What if I plan to repay the loan early? Early payoff can reduce interest on many simple-interest auto loans, which may change the comparison. This calculator compares scheduled payments through the full term and does not model an early payoff date. Sources and Methodology The calculator logic is implemented locally in your browser. Formulas and terminology were cross-checked against the references below. Estimates can differ from lender, tax-authority, plan-administrator, or contract calculat",https://www.calculator.net/cash-back-or-low-interest-calculator.html | https://www.consumerfinance.gov/consumer-tools/auto-loans/,/cash-back-or-low-interest-calculator/index.html
84,9,Depreciation Calculator,depreciation-calculator,Finance,Finance / Tax / Investment,Calculator,"Build straight-line, declining-balance, or sum-of-years-digits depreciation schedules with book value and accumulated depreciation.","Depreciation Formulas: Straight-line: (cost − salvage) ÷ useful life . Declining balance: beginning book value multiplied by a rate derived from the chosen factor and useful life, without reducing below salvage. SYD: depreciable base multiplied by a declining year fraction.",Method; Declining-balance factor; Asset cost; Salvage value; Useful life (years),Primary calculated result and supporting values,"Start with a direct answer describing exactly what the tool calculates. Show the exact implemented formula/algorithm and define every symbol, unit, and transformation. Explain every input: Method, Declining-balance factor, Asset cost, Salvage value, Useful life (years). Add a worked example using realistic values that reproduces the calculator result. Explain assumptions, valid input ranges, rounding, edge cases and when results can differ from official/clinical/lender calculations. Add concise FAQs that answer formula, input, result and limitation questions. Date-stamp all time-sensitive data and cite the authoritative current source.","Stable formula plus current official data for any quoted legal/tax/plan thresholds, eligibility rules, benchmark assumptions or fees.",Conditional,When product/rule assumptions change,"The model assumes full-year depreciation and a fixed salvage value. It does not apply mid-month, mid-quarter, or half-year conventions, MACRS tables, impairment, revaluation, component depreciation, or asset-disposal rules. Frequently Asked Questions What is salvage value? Salvage value, also called residual or scrap value, is the estimated amount an asset is expected to be worth at the end of its useful life. In a basic depreciation model, cost minus salvage value is the depreciable base. What factor should I use for double-declining balance? Use a factor of 2. The annual declining-balance rate is then 2 divided by the useful life in years. This page also prevents book value from falling below the entered salvage value. Is this the same as MACRS tax depreciation? No. MACRS uses specific recovery classes, conventions, rates, and switching rules under U.S. tax law. This page provides general accounting methods and should not be used as a substitute for tax-preparation guidance. Sources and Methodology The calculator logic is implemented locally in your browser. Formulas and terminology were cross-checked against the references below. Estimates can differ from lender, tax-authority, plan-administrator, or contract calculations because real-world rules may add timing, rounding, elig",https://www.irs.gov/publications/p946 | https://www.calculator.net/depreciation-calculator.html,/depreciation-calculator/index.html
85,9,Discount Calculator,discount-calculator,Finance,Finance / Tax / Investment,Calculator,"Calculate final price, savings, effective percentage, and stackable discounts for percent-off or fixed-amount deals.","Discount Formulas: For percentage discounts: final = original × (1 − discount rate) . For a fixed discount: final = original − fixed amount . A second percentage discount is multiplied against the first discounted price, not simply added to the first percentage.",Original price; Discount type; Discount (%); Additional stackable discount (%),Primary calculated result and supporting values,"Start with a direct answer describing exactly what the tool calculates. Show the exact implemented formula/algorithm and define every symbol, unit, and transformation. Explain every input: Original price, Discount type, Discount (%), Additional stackable discount (%). Add a worked example using realistic values that reproduces the calculator result. Explain assumptions, valid input ranges, rounding, edge cases and when results can differ from official/clinical/lender calculations. Add concise FAQs that answer formula, input, result and limitation questions. Date-stamp all time-sensitive data and cite the authoritative current source.","Stable formula plus current official data for any quoted legal/tax/plan thresholds, eligibility rules, benchmark assumptions or fees.",Conditional,When product/rule assumptions change,"This calculator does not automatically add sales tax, shipping, coupon caps, minimum-spend rules, exclusions, membership pricing, or quantity discounts. Retail terms determine the real final checkout price. Frequently Asked Questions How do I combine 20% off and 15% off? Apply them sequentially: multiply the price by 0.80, then multiply that result by 0.85. The combined remaining-price factor is 0.68, so the effective discount is 32%. Can a fixed discount make the price negative? No. This calculator floors the discounted price at zero. Real promotions may also have minimum-purchase rules or exclusions. Does the calculator include sales tax? No. It calculates the discount before any separate sales-tax calculation. Tax rules and whether tax is based on pre- or post-discount price depend on the jurisdiction and promotion. Sources and Methodology The calculator logic is implemented locally in your browser. Formulas and terminology were cross-checked against the references below. Estimates can differ from lender, tax-authority, plan-administrator, or contract calculations because real-world rules may add timing, rounding, eligibility, fees, or jurisdiction-specific treatment. Calculator.net — Discount Calculator Calculator.net — Percent Off Calculator",https://www.calculator.net/discount-calculator.html | https://www.calculator.net/percent-off-calculator.html,/discount-calculator/index.html
86,9,IRA Calculator,ira-calculator,Finance,Finance / Tax / Investment,Calculator,"Estimate IRA growth and compare Traditional, Roth-style, and taxable savings under clear return and tax assumptions.","IRA Growth Formula: For end-of-year contributions, future value is the compounded current balance plus the future value of a contribution annuity. Traditional after-tax value is then estimated as future balance × (1 − retirement tax rate) .",Current balance; Annual before-tax contribution; Expected annual return (%); Current age; Retirement age; Current marginal tax rate (%); Expected tax rate in retirement (%),Primary calculated result and supporting values,"Start with a direct answer describing exactly what the tool calculates. Show the exact implemented formula/algorithm and define every symbol, unit, and transformation. Explain every input: Current balance, Annual before-tax contribution, Expected annual return (%), Current age, Retirement age, Current marginal tax rate (%), Expected tax rate in retirement (%). Add a worked example using realistic values that reproduces the calculator result. Explain assumptions, valid input ranges, rounding, edge cases and when results can differ from official/clinical/lender calculations. Add concise FAQs that answer formula, input, result and limitation questions. Date-stamp all time-sensitive data and cite the authoritative current source.","Current official thresholds, limits, eligibility rules, effective tax year/date and authoritative government source.",Yes,At least annually / whenever rules change,"This model does not determine deductibility, Roth MAGI eligibility, early-withdrawal taxes, state taxes, capital-gains rates, investment fees, required minimum distributions, or contribution timing during each year. Actual returns are not guaranteed. Frequently Asked Questions Does this calculator decide whether my IRA contribution is deductible? No. Traditional IRA deductibility can depend on filing status, modified adjusted gross income, and workplace retirement-plan coverage. This page only models growth and a simplified tax comparison. Is a Roth IRA always better when my future tax rate is higher? A higher future tax rate can improve the relative appeal of paying tax earlier, but account rules, contribution eligibility, investment returns, timing, and personal tax circumstances also matter. Are investment returns guaranteed? No. The expected return is only an assumption used to create a projection. Actual investment results can be higher, lower, or negative. Sources and Methodology The calculator logic is implemented locally in your browser. Formulas and terminology were cross-checked against the references below. Estimates can differ from lender, tax-authority, plan-administrator, or contract calculations because real-world rules may add timing, rounding, eligibility, fees, ",https://www.irs.gov/retirement-plans/plan-participant-employee/retirement-topics-ira-contribution-limits | https://www.irs.gov/publications/p590a | https://www.calculator.net/ira-calculator.html,/ira-calculator/index.html
87,9,Margin Calculator,margin-calculator,Finance,Finance / Tax / Investment,Calculator,"Calculate profit margin, markup, profit, and target selling price from cost and revenue.","Margin and Markup Formulas: Profit = revenue − cost . Margin % = profit ÷ revenue × 100 . Markup % = profit ÷ cost × 100 . To solve for a selling price from a target margin, use price = cost ÷ (1 − target margin) .",Cost; Revenue / selling price; Target margin (%) — optional,Primary calculated result and supporting values,"Start with a direct answer describing exactly what the tool calculates. Show the exact implemented formula/algorithm and define every symbol, unit, and transformation. Explain every input: Cost, Revenue / selling price, Target margin (%) — optional. Add a worked example using realistic values that reproduces the calculator result. Explain assumptions, valid input ranges, rounding, edge cases and when results can differ from official/clinical/lender calculations. Add concise FAQs that answer formula, input, result and limitation questions. Date-stamp all time-sensitive data and cite the authoritative current source.","Stable formula plus current official data for any quoted legal/tax/plan thresholds, eligibility rules, benchmark assumptions or fees.",Conditional,When product/rule assumptions change,"This is a basic gross-profit model. Businesses may need to include shipping, payment fees, payroll, overhead, returns, tax, discounts, inventory shrinkage, and other operating expenses before treating the result as net profit. Frequently Asked Questions What is the difference between margin and markup? Margin divides profit by revenue, while markup divides profit by cost. Because the denominators differ, the percentages are not interchangeable. How do I price for a 40% margin? Divide cost by 1 minus 0.40. For a $60 cost, $60 ÷ 0.60 = $100 selling price, producing $40 profit and a 40% margin. Can margin be negative? Yes. If cost exceeds revenue, profit is negative and the margin is negative. That indicates the stated sale price does not cover the entered cost. Sources and Methodology The calculator logic is implemented locally in your browser. Formulas and terminology were cross-checked against the references below. Estimates can differ from lender, tax-authority, plan-administrator, or contract calculations because real-world rules may add timing, rounding, eligibility, fees, or jurisdiction-specific treatment. Calculator.net — Margin Calculator",https://www.calculator.net/margin-calculator.html,/margin-calculator/index.html
88,9,RMD Calculator,rmd-calculator,Finance,Finance,Calculator,Estimate a required minimum distribution using IRS life-expectancy factors and the prior year-end retirement account balance.,RMD Formula: RMD = prior year-end account balance ÷ applicable distribution period . Most owners use the Uniform Lifetime Table. A different table can apply to certain beneficiaries and spouses.,Age at year-end; Prior Dec. 31 account balance; Spouse more than 10 years younger and sole beneficiary?; IRS Joint Life factor; Estimated annual return for 5-year projection (%),Primary calculated result and supporting values,"Start with a direct answer describing exactly what the tool calculates. Show the exact implemented formula/algorithm and define every symbol, unit, and transformation. Explain every input: Age at year-end, Prior Dec. 31 account balance, Spouse more than 10 years younger and sole beneficiary?, IRS Joint Life factor, Estimated annual return for 5-year projection (%). Add a worked example using realistic values that reproduces the calculator result. Explain assumptions, valid input ranges, rounding, edge cases and when results can differ from official/clinical/lender calculations. Add concise FAQs that answer formula, input, result and limitation questions. Date-stamp all time-sensitive data and cite the authoritative current source.","Current official thresholds, limits, eligibility rules, effective tax year/date and authoritative government source.",Yes,At least annually / whenever rules change,"This page does not handle inherited-account schedules, every employer-plan exception, first-year deferral choices, aggregated-account rules, QCDs, Roth-account exceptions, or penalties. Always verify the required amount with the account custodian and current IRS guidance. Frequently Asked Questions What balance is used for an RMD? For a standard annual RMD, the calculation generally starts with the account balance at the close of business on December 31 of the previous year, then divides it by the applicable IRS distribution period. Why is there a special rule for a much younger spouse? If your spouse is your sole beneficiary and is more than 10 years younger, the IRS Joint and Last Survivor table can apply. That table typically uses a longer life-expectancy factor than the Uniform Lifetime table. Does a Roth IRA have lifetime RMDs for the original owner? Generally, Roth IRAs do not require lifetime RMDs for the original owner. Inherited Roth accounts can have distribution rules, so beneficiary situations should be checked separately. Sources and Methodology The calculator logic is implemented locally in your browser. Formulas and terminology were cross-checked against the references below. Estimates can differ from lender, tax-authority, plan-administrator, or contract calculati",https://www.irs.gov/publications/p590b | https://www.irs.gov/irb/2026-06_IRB | https://rmdcalculator.nga.finra.org/ | https://www.calculator.net/rmd-calculator.html,/rmd-calculator/index.html
89,9,VAT Calculator,vat-calculator,Finance,Finance / Tax / Investment,Calculator,"Add VAT to a net price or remove VAT from a gross price using a custom rate, with the tax amount shown clearly.",VAT Formulas: To add VAT: gross = net × (1 + rate) . To remove VAT: net = gross ÷ (1 + rate) . VAT is the difference between gross and net. The VAT fraction of a gross amount is rate ÷ (1 + rate) .,VAT rate (%); Currency symbol; Net price (excluding VAT),Primary calculated result and supporting values,"Start with a direct answer describing exactly what the tool calculates. Show the exact implemented formula/algorithm and define every symbol, unit, and transformation. Explain every input: VAT rate (%), Currency symbol, Net price (excluding VAT). Add a worked example using realistic values that reproduces the calculator result. Explain assumptions, valid input ranges, rounding, edge cases and when results can differ from official/clinical/lender calculations. Add concise FAQs that answer formula, input, result and limitation questions. Date-stamp all time-sensitive data and cite the authoritative current source.",Current official VAT rate only if content names a jurisdiction; calculation can use user-entered rate.,Conditional,When quoting country VAT rates,"VAT rates and exemptions vary by country, product, customer status, place of supply, and date. This calculator does not determine which VAT rate legally applies or whether a supply is exempt, zero-rated, reverse-charged, or outside scope. Frequently Asked Questions Why can’t I remove 20% VAT by subtracting 20% from the gross price? Because the 20% rate is applied to the smaller net price, not the larger gross price. To remove 20% VAT, divide the gross amount by 1.20; the VAT portion of the gross is one-sixth, or about 16.67%. Is VAT the same as sales tax? Both are consumption taxes, but VAT is generally collected through multiple stages of the supply chain with input-tax credits, while retail sales tax is typically collected at the final sale. Exact systems vary by country. Can I use any currency? Yes. The arithmetic is currency-neutral. The currency symbol field only changes the display; it does not perform foreign-exchange conversion. Sources and Methodology The calculator logic is implemented locally in your browser. Formulas and terminology were cross-checked against the references below. Estimates can differ from lender, tax-authority, plan-administrator, or contract calculations because real-world rules may add timing, rounding, eligibility, fees, or jurisdiction-specific t",https://www.gov.uk/charge-reclaim-record-vat | https://www.gov.uk/guidance/vat-guide-notice-700 | https://taxation-customs.ec.europa.eu/taxation/vat/vat-directive/taxable-amount_en | https://www.calculator.net/vat-calculator.html,/vat-calculator/index.html
90,10,Boat Loan Calculator,boat-loan-calculator,Finance,Finance / Tax / Investment,Calculator,"Estimate a boat loan payment, amount financed, tax, trade-in equity, total interest, and amortization from purchase price, down payment, APR, and term.","Boat Loan Formula: Payment = P × r ÷ [1 − (1 + r) −n ] The formula is the same fixed-payment amortization equation used for many mortgages and auto loans. P is amount financed, r is the monthly rate, and n is the number of monthly payments.",Boat price; Down payment; Trade-in value; Remaining trade-in loan; Sales tax rate (%); Tax basis; Registration / dealer / other fees; APR (%); Loan term (years),Amount financed; Net trade-in equity; Estimated sales tax; Total interest; Total of loan payments,"Start with a direct answer describing exactly what the tool calculates. Show the exact implemented formula/algorithm and define every symbol, unit, and transformation. Explain every input: Boat price, Down payment, Trade-in value, Remaining trade-in loan, Sales tax rate (%), Tax basis, Registration / dealer / other fees, APR (%), Loan term (years). Explain outputs: Amount financed, Net trade-in equity, Estimated sales tax, Total interest, Total of loan payments. Add a worked example using realistic values that reproduces the calculator result. Explain assumptions, valid input ranges, rounding, edge cases and when results can differ from official/clinical/lender calculations. Add concise FAQs that answer formula, input, result and limitation questions. Date-stamp all time-sensitive data and cite the authoritative current source.","Stable formula plus current official data for any quoted legal/tax/plan thresholds, eligibility rules, benchmark assumptions or fees.",Conditional,When product/rule assumptions change,"Boat ownership can involve insurance, registration, storage or marina fees, maintenance, fuel, winterization, inspections, and other costs. Those are not part of the loan payment unless you include a lender-approved financed fee in the fee input. Frequently Asked Questions How is a boat loan monthly payment calculated? The calculator uses the standard fixed-rate amortization formula with amount financed, monthly interest rate, and total number of monthly payments. Does a trade-in reduce the boat loan? Net trade-in equity can reduce the amount that must be financed. If the trade-in has an outstanding loan, this page subtracts that payoff from the trade-in value before applying the equity. Why can sales tax differ from this estimate? Jurisdictions vary in rates, taxable fees, exemptions, and whether trade-in value reduces the taxable base. Choose the tax basis that matches your local rules and verify the final amount with the seller or tax authority. Sources and Methodology The calculator methodology was cross-checked against the following sources. Results are estimates based on the assumptions entered and do not replace lender, tax, legal, or investment advice. Boat Trader — Boat loan payment formula and planning Calculator.net — General loan amortization reference via Personal Lo",https://www.boattrader.com/research/whats-the-easiest-way-to-estimate-my-boat-loan-payment/ | https://www.calculator.net/personal-loan-calculator.html,/boat-loan-calculator/index.html
91,10,Budget Calculator,budget-calculator,Finance,Finance / Tax / Investment,Calculator,"Build a monthly budget from take-home income, essential spending, debt payments, lifestyle costs, planned savings, and other expenses.",Budget Formula: Money left = Monthly net income − Monthly expenses − Planned savings A positive result means part of the entered income remains unassigned. A negative result means the planned expenses and savings exceed the entered net income.,Take-home pay; Other net income; Housing & utilities; Transportation; Food & household; Healthcare; Debt payments; Lifestyle & entertainment; Planned savings / investing; Other expenses,Total monthly income; Living + debt expenses; Planned savings; Savings share of income; Expense share of income,"Start with a direct answer describing exactly what the tool calculates. Show the exact implemented formula/algorithm and define every symbol, unit, and transformation. Explain every input: Take-home pay, Other net income, Housing & utilities, Transportation, Food & household, Healthcare, Debt payments, Lifestyle & entertainment, Planned savings / investing, Other expenses. Explain outputs: Total monthly income, Living + debt expenses, Planned savings, Savings share of income, Expense share of income. Add a worked example using realistic values that reproduces the calculator result. Explain assumptions, valid input ranges, rounding, edge cases and when results can differ from official/clinical/lender calculations. Add concise FAQs that answer formula, input, result and limitation questions. Date-stamp all time-sensitive data and cite the authoritative current source.","Stable formula plus current official data for any quoted legal/tax/plan thresholds, eligibility rules, benchmark assumptions or fees.",Conditional,When product/rule assumptions change,"A monthly budget can hide annual or irregular expenses such as insurance renewals, repairs, travel, school costs, or taxes. Update the inputs as actual income and expenses change. Frequently Asked Questions Should I enter gross or take-home income? This calculator is designed for take-home income: money available after payroll taxes and deductions. That makes the monthly cash-flow result easier to compare with real bills and savings transfers. What does a negative result mean? It means the entered expenses plus planned savings are greater than the entered monthly net income. Review the categories or confirm whether irregular costs or income were entered on a consistent monthly basis. Is there one ideal budget percentage? No single percentage works for every household. Housing costs, family size, debt, location, benefits, income stability, and financial goals can all change an appropriate spending and saving plan. Sources and Methodology The calculator methodology was cross-checked against the following sources. Results are estimates based on the assumptions entered and do not replace lender, tax, legal, or investment advice. Consumer Financial Protection Bureau — Monthly Budget worksheet Calculator.net — Budget Calculator",https://files.consumerfinance.gov/f/documents/cfpb_well-being_monthly-budget.pdf | https://www.calculator.net/budget-calculator.html,/budget-calculator/index.html
92,10,Debt-to-Income Ratio Calculator,debt-ratio-calculator,Math & Statistics,Finance / Tax / Investment,Calculator,"Calculate your debt-to-income ratio from gross monthly income and recurring monthly debt payments, with housing and non-housing breakdowns.",Debt-to-Income Ratio Formula: DTI (%) = Total monthly debt payments ÷ Gross monthly income × 100,Gross monthly income; Mortgage / rent + required housing debt; Credit card minimum payments; Auto loan payments; Student loan payments; Other recurring debt / obligations,Total monthly debt; Gross monthly income; Housing share; Income after listed debt,"Start with a direct answer describing exactly what the tool calculates. Show the exact implemented formula/algorithm and define every symbol, unit, and transformation. Explain every input: Gross monthly income, Mortgage / rent + required housing debt, Credit card minimum payments, Auto loan payments, Student loan payments, Other recurring debt / obligations. Explain outputs: Total monthly debt, Gross monthly income, Housing share, Income after listed debt. Add a worked example using realistic values that reproduces the calculator result. Explain assumptions, valid input ranges, rounding, edge cases and when results can differ from official/clinical/lender calculations. Add concise FAQs that answer formula, input, result and limitation questions. Date-stamp all time-sensitive data and cite the authoritative current source.","Stable formula plus current official data for any quoted legal/tax/plan thresholds, eligibility rules, benchmark assumptions or fees.",Conditional,When product/rule assumptions change,"This tool does not evaluate credit score, loan-to-value, assets, employment history, taxes, living expenses, or lender-specific underwriting rules. It also depends on the completeness of the debts and income you enter. Frequently Asked Questions What income should I use for DTI? Use gross income before taxes and payroll deductions when following the standard DTI definition. A lender may use its own rules for qualifying or documenting income. Do I enter credit card balances or minimum payments? DTI generally uses recurring monthly debt payments, not the entire outstanding balance. Enter the required monthly payment that applies to the debt. Does a lower DTI guarantee loan approval? No. DTI is only one underwriting factor. Credit history, collateral, income documentation, loan program rules, and other factors can also affect a lending decision. Sources and Methodology The calculator methodology was cross-checked against the following sources. Results are estimates based on the assumptions entered and do not replace lender, tax, legal, or investment advice. Consumer Financial Protection Bureau — What is a debt-to-income ratio? Calculator.net — Debt-to-Income Ratio Calculator",https://www.consumerfinance.gov/ask-cfpb/what-is-a-debt-to-income-ratio-en-1791/ | https://www.calculator.net/debt-ratio-calculator.html,/debt-ratio-calculator/index.html
93,10,IRR Calculator,irr-calculator,Finance,Finance / Tax / Investment,Calculator,"Calculate internal rate of return for periodic cash flows, view NPV at the solved rate, detect multiple IRR roots in the scan range, and add or remove cash-flow periods.","IRR Formula: 0 = Σ [ CF t ÷ (1 + IRR) t ] There is usually no simple algebraic formula for IRR, so calculators solve the rate iteratively or numerically. This page scans a broad rate range for sign changes in NPV and then uses bisection to refine each detected root.",Period 0; Period 1; Period 2; Period 3; Period 4; Period 5,NPV at solved IRR; Total undiscounted cash flow; Cash-flow periods; Roots found in scan range,"Start with a direct answer describing exactly what the tool calculates. Show the exact implemented formula/algorithm and define every symbol, unit, and transformation. Explain every input: Period 0, Period 1, Period 2, Period 3, Period 4, Period 5. Explain outputs: NPV at solved IRR, Total undiscounted cash flow, Cash-flow periods, Roots found in scan range. Add a worked example using realistic values that reproduces the calculator result. Explain assumptions, valid input ranges, rounding, edge cases and when results can differ from official/clinical/lender calculations. Add concise FAQs that answer formula, input, result and limitation questions. Date-stamp all time-sensitive data and cite the authoritative current source.","Stable formula plus current official data for any quoted legal/tax/plan thresholds, eligibility rules, benchmark assumptions or fees.",Conditional,When product/rule assumptions change,"Explain formula domain, unit consistency, rounding, input validation and real-world limitations.",https://support.microsoft.com/en-us/excel/functions/irr-function | https://support.microsoft.com/en-us/excel/go-with-the-cash-flow-calculate-npv-and-irr-in-excel | https://www.calculator.net/irr-calculator.html,/irr-calculator/index.html
94,10,Lease Calculator,lease-calculator,Finance,Finance / Tax / Investment,Calculator,"Calculate a level monthly lease payment from asset value, residual value, term, and rate, or solve the effective annual rate from a known monthly payment.",Lease Payment Formula: Asset value = Payment × [1 − (1 + r) −n ] ÷ r + Residual ÷ (1 + r) n Solving this equation for Payment gives the level end-of-month lease payment. The residual is discounted back from the end of the lease.,Asset value / present value; Residual value at lease end; Lease term (months); Annual interest rate (%); Known monthly payment,Total monthly payments; Residual value; Implied finance cost; Lease term,"Start with a direct answer describing exactly what the tool calculates. Show the exact implemented formula/algorithm and define every symbol, unit, and transformation. Explain every input: Asset value / present value, Residual value at lease end, Lease term (months), Annual interest rate (%), Known monthly payment. Explain outputs: Total monthly payments, Residual value, Implied finance cost, Lease term. Add a worked example using realistic values that reproduces the calculator result. Explain assumptions, valid input ranges, rounding, edge cases and when results can differ from official/clinical/lender calculations. Add concise FAQs that answer formula, input, result and limitation questions. Date-stamp all time-sensitive data and cite the authoritative current source.","Stable formula plus current official data for any quoted legal/tax/plan thresholds, eligibility rules, benchmark assumptions or fees.",Conditional,When product/rule assumptions change,"This is a finance-math model, not a legal or accounting lease classification tool. It excludes taxes, acquisition fees, deposits, maintenance, insurance, purchase-option fees, and payment timing other than end-of-month. Frequently Asked Questions Can this calculate an auto lease? The mathematics can model a simple asset lease, but auto leases often use money factors, taxes, rebates, acquisition fees, and jurisdiction-specific rules. A dedicated auto lease model may be more appropriate. What does Find Rate do? It solves for the monthly discount rate that makes the present value of the entered lease payments and residual equal the asset value, then annualizes that monthly rate by multiplying by 12. Does the calculator assume payments at the beginning or end of the month? It assumes payments at the end of each month. Beginning-of-period payments would have a different present value. Sources and Methodology The calculator methodology was cross-checked against the following sources. Results are estimates based on the assumptions entered and do not replace lender, tax, legal, or investment advice. Calculator.net — Lease Calculator Microsoft Support — Present-value and financial function references",https://www.calculator.net/lease-calculator.html | https://support.microsoft.com/en-us/excel/financial-functions-reference,/lease-calculator/index.html
95,10,Personal Loan Calculator,personal-loan-calculator,Finance,Finance / Tax / Investment,Calculator,"Calculate personal loan monthly payment, total interest, origination fee, net proceeds, total cost, and an estimated effective APR.","Monthly Payment Formula: Payment = P × r ÷ [1 − (1 + r) −n ] P is the loan principal, r is the monthly interest rate, and n is the number of monthly payments. A zero-interest loan is handled as principal divided by months.",Loan amount; Annual interest rate (%); Term (years); Extra months; Origination fee (%); Monthly insurance / add-on,Net proceeds after fee; Total interest; Origination fee; Total scheduled outflow; Estimated effective APR,"Start with a direct answer describing exactly what the tool calculates. Show the exact implemented formula/algorithm and define every symbol, unit, and transformation. Explain every input: Loan amount, Annual interest rate (%), Term (years), Extra months, Origination fee (%), Monthly insurance / add-on. Explain outputs: Net proceeds after fee, Total interest, Origination fee, Total scheduled outflow, Estimated effective APR. Add a worked example using realistic values that reproduces the calculator result. Explain assumptions, valid input ranges, rounding, edge cases and when results can differ from official/clinical/lender calculations. Add concise FAQs that answer formula, input, result and limitation questions. Date-stamp all time-sensitive data and cite the authoritative current source.","Stable formula plus current official data for any quoted legal/tax/plan thresholds, eligibility rules, benchmark assumptions or fees.",Conditional,When product/rule assumptions change,"The calculator assumes a fixed rate and equal monthly payments. It does not model late charges, prepayment, variable rates, skipped payments, lender-specific APR rules, or taxes. Frequently Asked Questions Does the origination fee change my monthly payment? In this model the fee reduces net proceeds but does not increase the stated loan principal. If your lender finances the fee instead, enter the financed principal that appears in your loan documents. What is the difference between interest rate and APR? The stated interest rate determines scheduled interest on principal. APR is designed to reflect certain finance charges as an annualized cost, so fees can make APR higher than the note rate. Can I use this for an unsecured personal loan? Yes, if the loan has a fixed rate and equal monthly payments. Enter the actual principal, note rate, term, and applicable fee assumptions. Sources and Methodology The calculator methodology was cross-checked against the following sources. Results are estimates based on the assumptions entered and do not replace lender, tax, legal, or investment advice. Calculator.net — Personal Loan Calculator Consumer Financial Protection Bureau — Loan Estimate concepts for interest and finance costs",https://www.calculator.net/personal-loan-calculator.html | https://www.consumerfinance.gov/owning-a-home/loan-estimate/,/personal-loan-calculator/index.html
96,10,Real Estate Calculator,real-estate-calculator,Finance,Finance / Tax / Investment,Calculator,"Estimate a property's mortgage payment, monthly ownership cost, cash to close, total interest, and projected equity from purchase assumptions.","CalcPro Method: The page combines standard fixed-rate amortization with user-supplied recurring ownership costs and a compound appreciation scenario. For a real transaction, compare this model with the lender’s Loan Estimate and your local property-cost data.",Property price; Down payment (%); Mortgage interest rate (%); Loan term (years); Property tax (annual); Home insurance (annual); HOA / association fee (monthly); Maintenance reserve (annual); Closing costs paid upfront; Estimated appreciation (%/year); Equity projection period (years),Loan amount; Principal & interest; Cash to close; Total loan interest; Projected property value; Projected gross equity,"Start with a direct answer describing exactly what the tool calculates. Show the exact implemented formula/algorithm and define every symbol, unit, and transformation. Explain every input: Property price, Down payment (%), Mortgage interest rate (%), Loan term (years), Property tax (annual), Home insurance (annual), HOA / association fee (monthly), Maintenance reserve (annual), Closing costs paid upfront, Estimated appreciation (%/year), Equity projection period (years). Explain outputs: Loan amount, Principal & interest, Cash to close, Total loan interest, Projected property value, Projected gross equity. Add a worked example using realistic values that reproduces the calculator result. Explain assumptions, valid input ranges, rounding, edge cases and when results can differ from official/clinical/lender calculations. Add concise FAQs that answer formula, input, result and limitation questions. Date-stamp all time-sensitive data and cite the authoritative current source.","Stable formula plus current official data for any quoted legal/tax/plan thresholds, eligibility rules, benchmark assumptions or fees.",Conditional,When product/rule assumptions change,"The model does not include mortgage insurance, adjustable-rate changes, tax deductions, utility costs, special assessments, renovations, selling costs, capital gains tax, or lender-specific fees unless you incorporate them into your inputs. Frequently Asked Questions What is included in monthly ownership cost? This calculator adds mortgage principal and interest, annual property tax divided by 12, annual insurance divided by 12, monthly HOA fees, and an annual maintenance reserve divided by 12. Are closing costs included in the loan? No. This page treats the closing-cost input as cash paid upfront. If your loan quote finances some costs, adjust the purchase assumptions to reflect the actual financed loan amount. Is projected equity guaranteed? No. It is a scenario based on the appreciation rate you enter and the calculated mortgage balance. Real property values can rise or fall, and selling costs reduce cash realized from a sale. Sources and Methodology The calculator methodology was cross-checked against the following sources. Results are estimates based on the assumptions entered and do not replace lender, tax, legal, or investment advice. Consumer Financial Protection Bureau — Loan Estimate Explainer Calculator.net — Real Estate Calculators reference hub",https://www.consumerfinance.gov/owning-a-home/loan-estimate/ | https://www.calculator.net/real-estate-calculator.html,/real-estate-calculator/index.html
97,10,Refinance Calculator,refinance-calculator,Finance,Finance / Tax / Investment,Calculator,"Compare an existing fixed-rate loan with a proposed refinance, including payment change, remaining interest, closing costs, cash-out, and break-even months.","Break-Even Formula: Break-even months = Upfront refinance costs ÷ Monthly payment savings Break-even only makes sense when closing costs are paid upfront and the new payment is lower. It does not capture tax effects, opportunity cost, or differences in total loan duration.",Current loan balance; Current interest rate (%); Time remaining (years); New interest rate (%); New loan term (years); Refinance closing costs; Cash-out amount; Closing-cost treatment,Current monthly payment; New monthly payment; Current remaining interest; New loan interest; Break-even on upfront costs; New principal,"Start with a direct answer describing exactly what the tool calculates. Show the exact implemented formula/algorithm and define every symbol, unit, and transformation. Explain every input: Current loan balance, Current interest rate (%), Time remaining (years), New interest rate (%), New loan term (years), Refinance closing costs, Cash-out amount, Closing-cost treatment. Explain outputs: Current monthly payment, New monthly payment, Current remaining interest, New loan interest, Break-even on upfront costs, New principal. Add a worked example using realistic values that reproduces the calculator result. Explain assumptions, valid input ranges, rounding, edge cases and when results can differ from official/clinical/lender calculations. Add concise FAQs that answer formula, input, result and limitation questions. Date-stamp all time-sensitive data and cite the authoritative current source.","Stable formula plus current official data for any quoted legal/tax/plan thresholds, eligibility rules, benchmark assumptions or fees.",Conditional,When product/rule assumptions change,"This model does not include escrow changes, mortgage insurance, prepayment penalties, points as a separate interest-rate tradeoff, tax consequences, or lender underwriting. Actual closing costs should be taken from a Loan Estimate. Frequently Asked Questions When does a refinance break even? A simple break-even point is the upfront refinance cost divided by monthly payment savings. If the new payment is not lower, this simple payment-savings break-even measure does not apply. Should I refinance only because the rate is lower? A lower rate can reduce interest cost, but the new term, fees, cash-out, and how long you keep the loan also matter. Compare the complete new loan rather than the rate alone. What if closing costs are financed? This calculator adds financed closing costs to the new principal. Because the costs are not paid upfront, the simple upfront-cost break-even calculation is shown as not applicable. Sources and Methodology The calculator methodology was cross-checked against the following sources. Results are estimates based on the assumptions entered and do not replace lender, tax, legal, or investment advice. Calculator.net — Refinance Calculator Consumer Financial Protection Bureau — Loan Estimate Explainer Consumer Financial Protection Bureau — Closing costs and Lo",https://www.calculator.net/refinance-calculator.html | https://www.consumerfinance.gov/owning-a-home/loan-estimate/ | https://www.consumerfinance.gov/ask-cfpb/can-my-final-mortgage-costs-increase-from-what-was-on-my-loan-estimate-en-172/,/refinance-calculator/index.html
98,10,Rental Property Calculator,rental-property-calculator,Finance,Finance / Tax / Investment,Calculator,"Analyze a rental property with mortgage financing, rent, vacancy, operating expenses, growth, appreciation, selling costs, cash flow, cap rate, cash-on-cash return, and IRR.","CalcPro Method: Annual operating cash flows are projected from user-entered growth rates; the final cash flow includes net sale proceeds and mortgage payoff, then IRR is solved numerically. Cap rate excludes debt service; cash-on-cash and IRR incorporate financing, so each metric answers a different question.",Purchase price; Down payment (%); Mortgage rate (%); Loan term (years); Closing + repair cash; Monthly rent; Other monthly income; Vacancy rate (%); Management fee (% of collected income); Property tax / year; Insurance / year; HOA / year; Maintenance / year; Other operating expenses / year; Rent growth (%/year); Expense growth (%/year); Property appreciation (%/year); Holding period (years); Selling cost (% of sale price),First-year NOI; First-year cash flow; Cap rate; Cash-on-cash return; Initial cash invested; Projected sale price,"Start with a direct answer describing exactly what the tool calculates. Show the exact implemented formula/algorithm and define every symbol, unit, and transformation. Explain every input: Purchase price, Down payment (%), Mortgage rate (%), Loan term (years), Closing + repair cash, Monthly rent, Other monthly income, Vacancy rate (%), Management fee (% of collected income), Property tax / year, Insurance / year, HOA / year. Explain outputs: First-year NOI, First-year cash flow, Cap rate, Cash-on-cash return, Initial cash invested, Projected sale price. Add a worked example using realistic values that reproduces the calculator result. Explain assumptions, valid input ranges, rounding, edge cases and when results can differ from official/clinical/lender calculations. Add concise FAQs that answer formula, input, result and limitation questions. Date-stamp all time-sensitive data and cite the authoritative current source.","Stable formula plus current official data for any quoted legal/tax/plan thresholds, eligibility rules, benchmark assumptions or fees.",Conditional,When product/rule assumptions change,"Long-range real estate returns are highly sensitive to rent, vacancy, repairs, taxes, insurance, financing, appreciation, and sale assumptions. The model does not include income taxes, depreciation, capital gains tax, depreciation recapture, major capital expenditures, refinancing, or irregular cash-flow timing. Frequently Asked Questions What is NOI in rental property analysis? Net operating income is property income after vacancy and operating expenses, but before mortgage payments and income taxes. This calculator also subtracts the entered management fee from collected income. What is cap rate? Cap rate is first-year net operating income divided by purchase price in this calculator. It is a property-level measure and does not include the effect of mortgage financing. Why can rental property IRR change a lot? IRR depends on every projected cash flow, including rent growth, operating expenses, financing, holding period, appreciation, selling costs, and remaining loan balance. Small assumption changes can compound over many years. Sources and Methodology The calculator methodology was cross-checked against the following sources. Results are estimates based on the assumptions entered and do not replace lender, tax, legal, or investment advice. Calculator.net — Rental Property Cal",https://www.calculator.net/rental-property-calculator.html | https://support.microsoft.com/en-us/excel/functions/irr-function | https://www.consumerfinance.gov/owning-a-home/loan-estimate/,/rental-property-calculator/index.html
99,10,Take Home Pay Calculator,take-home-pay-calculator,Finance,Finance,Calculator,"Estimate 2026 U.S. take-home pay using federal tax brackets, standard or custom deductions, FICA taxes, pay frequency, state/local tax rate, and post-tax deductions.","CalcPro Method: 2026 federal tax parameters are hard-coded from IRS guidance; state/local tax is user-entered because those rules differ by jurisdiction. For payroll-level W-4 accuracy, compare the estimate with the IRS Tax Withholding Estimator.",Annual gross salary; Pay frequency; Filing status; Income-tax deduction; Custom deduction amount; Pretax retirement deductions / year; Payroll deductions that reduce federal and FICA wages / year; State/local income tax estimate (%); Federal tax credits / year; Post-tax deductions per paycheck,Federal income tax; Social Security tax; Medicare taxes; State/local estimate; Pretax deductions; Effective total deduction rate,"Start with a direct answer describing exactly what the tool calculates. Show the exact implemented formula/algorithm and define every symbol, unit, and transformation. Explain every input: Annual gross salary, Pay frequency, Filing status, Income-tax deduction, Custom deduction amount, Pretax retirement deductions / year, Payroll deductions that reduce federal and FICA wages / year, State/local income tax estimate (%), Federal tax credits / year, Post-tax deductions per paycheck. Explain outputs: Federal income tax, Social Security tax, Medicare taxes, State/local estimate, Pretax deductions, Effective total deduction rate. Add a worked example using realistic values that reproduces the calculator result. Explain assumptions, valid input ranges, rounding, edge cases and when results can differ from official/clinical/lender calculations. Add concise FAQs that answer formula, input, result and limitation questions. Date-stamp all time-sensitive data and cite the authoritative current source.","Current official thresholds, limits, eligibility rules, effective tax year/date and authoritative government source.",Yes,At least annually / whenever rules change,"This tool is intended for planning, not tax filing. It does not calculate every credit, deduction, payroll exception, self-employment tax, benefit rule, or state/local tax provision. Frequently Asked Questions Does this calculator use 2026 federal tax brackets? Yes. The federal bracket and standard-deduction amounts are based on IRS tax year 2026 guidance. The page is designed as an annual estimate and not a substitute for the IRS withholding estimator. Why does my paycheck not exactly match this result? Actual payroll withholding depends on Form W-4 entries, payroll software, benefit treatment, pay-period timing, credits, other income, and state or local rules. This calculator simplifies those items into planning inputs. Are 401(k) contributions subject to Social Security and Medicare? Traditional 401(k) salary deferrals generally reduce federal income-taxable wages but are generally still included in Social Security and Medicare wages. That is why this calculator separates retirement deductions from deductions entered as FICA-exempt. Sources and Methodology The calculator methodology was cross-checked against the following sources. Results are estimates based on the assumptions entered and do not replace lender, tax, legal, or investment advice. IRS — 2026 federal income tax wi",https://www.irs.gov/publications/p15t | https://www.irs.gov/irb/2025-45_IRB | https://www.irs.gov/taxtopics/tc751 | https://www.irs.gov/taxtopics/tc560 | https://www.calculator.net/take-home-pay-calculator.html,/take-home-pay-calculator/index.html
100,11,APR Calculator,apr-calculator,Finance,Finance / Tax / Investment,Calculator,"Estimate loan APR from the note rate, term, and upfront finance charges using a monthly cash-flow method.",Compute scheduled payment using the note rate. Net proceeds = loan amount − upfront finance charges. Numerically solve the monthly discount rate such that net proceeds = present value of scheduled payments; nominal APR ≈ solved monthly rate × 12.,Loan amount; Note interest rate (%); Loan term (years); Upfront finance charges,Primary calculated result and supporting values,"Start with a direct answer describing exactly what the tool calculates. Show the exact implemented formula/algorithm and define every symbol, unit, and transformation. Explain every input: Loan amount, Note interest rate (%), Loan term (years), Upfront finance charges. Add a worked example using realistic values that reproduces the calculator result. Explain assumptions, valid input ranges, rounding, edge cases and when results can differ from official/clinical/lender calculations. Add concise FAQs that answer formula, input, result and limitation questions. Date-stamp all time-sensitive data and cite the authoritative current source.","Stable formula plus current official data for any quoted legal/tax/plan thresholds, eligibility rules, benchmark assumptions or fees.",Conditional,When product/rule assumptions change,"Regulation Z APR calculations can involve fee classification, exact payment dates, odd first periods, mortgage insurance treatment, and other details. Use this tool for estimates and comparisons, not compliance reporting.",https://www.consumerfinance.gov/rules-policy/regulations/1026/22/ | https://www.consumerfinance.gov/ask-cfpb/what-is-an-annual-percentage-rate-apr-and-why-is-it-higher-than-the-interest-rate-for-my-payday-loan-en-1625/,/apr-calculator/index.html
101,11,Down Payment Calculator,down-payment-calculator,Finance,Finance / Tax / Investment,Calculator,"Calculate a home down payment, loan amount, LTV, estimated closing costs, total cash needed, and cash remaining.","Down Payment and LTV Formula: Down Payment = Home Price × Down Payment % Loan Amount = Home Price − Down Payment LTV = Loan Amount ÷ Home Price × 100 CFPB explains that a higher down payment generally means a lower LTV and can affect the loan options, rate, and costs offered by lenders.",Home price; Down payment (%); Estimated closing costs (%); Cash available,Primary calculated result and supporting values,"Start with a direct answer describing exactly what the tool calculates. Show the exact implemented formula/algorithm and define every symbol, unit, and transformation. Explain every input: Home price, Down payment (%), Estimated closing costs (%), Cash available. Add a worked example using realistic values that reproduces the calculator result. Explain assumptions, valid input ranges, rounding, edge cases and when results can differ from official/clinical/lender calculations. Add concise FAQs that answer formula, input, result and limitation questions. Date-stamp all time-sensitive data and cite the authoritative current source.","Stable formula plus current official data for any quoted legal/tax/plan thresholds, eligibility rules, benchmark assumptions or fees.",Conditional,When product/rule assumptions change,"Explain formula domain, unit consistency, rounding, input validation and real-world limitations.",https://www.consumerfinance.gov/owning-a-home/prepare/determine-your-down-payment/ | https://www.consumerfinance.gov/ask-cfpb/what-is-a-loan-to-value-ratio-and-how-does-it-relate-to-my-costs-en-121/,/down-payment-calculator/index.html
102,11,FHA Loan Calculator,fha-loan-calculator,Finance,Finance / Tax / Investment,Calculator,"Estimate an FHA mortgage payment with upfront MIP, annual MIP, taxes, insurance, HOA fees, and current HUD MIP tiers.","Base loan = home price − down payment. Financed loan = base loan + upfront MIP. Monthly P&I uses M = P·r(1+r)^n / ((1+r)^n−1). Add annual MIP/12, property tax/12, insurance/12 and HOA. HUD MIP tiers are time-sensitive data inputs.",Home price; Down payment (%); Interest rate (%); Term (years); Property tax (%/yr); Home insurance ($/yr); HOA ($/month); Upfront MIP (%); Annual MIP (%),Primary calculated result and supporting values,"Start with a direct answer describing exactly what the tool calculates. Show the exact implemented formula/algorithm and define every symbol, unit, and transformation. Explain every input: Home price, Down payment (%), Interest rate (%), Term (years), Property tax (%/yr), Home insurance ($/yr), HOA ($/month), Upfront MIP (%), Annual MIP (%). Add a worked example using realistic values that reproduces the calculator result. Explain assumptions, valid input ranges, rounding, edge cases and when results can differ from official/clinical/lender calculations. Add concise FAQs that answer formula, input, result and limitation questions. Date-stamp all time-sensitive data and cite the authoritative current source.","Current official thresholds, limits, eligibility rules, effective tax year/date and authoritative government source.",Yes,At least annually / whenever rules change,"This tool does not check FHA loan limits, credit qualifications, debt-to-income rules, property eligibility, case-number date, streamline-refinance exceptions, or lender overlays. Actual monthly MIP billing can also use FHA’s premium calculation procedures rather than a simple first-year estimate.",https://answers.hud.gov/FHA/s/article/What-is-the-FHA-Mortgage-Insurance-Premium-structure-for-forward-mortgage-loans | https://www.hud.gov/hudprograms,/fha-loan-calculator/index.html
103,11,HELOC Calculator,heloc-calculator,Finance,Finance / Tax / Investment,Calculator,"Estimate HELOC draw-period interest, repayment payments, utilization, CLTV, and available home equity.",Draw-period interest-only estimate = outstanding balance × annual rate / 12. Repayment-period payment uses M = P·r(1+r)^n / ((1+r)^n−1) for the balance entering repayment.,Home value; Existing mortgage; HELOC credit limit; Balance drawn; Current APR (%); Repayment term (years); Planning max CLTV (%),Primary calculated result and supporting values,"Start with a direct answer describing exactly what the tool calculates. Show the exact implemented formula/algorithm and define every symbol, unit, and transformation. Explain every input: Home value, Existing mortgage, HELOC credit limit, Balance drawn, Current APR (%), Repayment term (years), Planning max CLTV (%). Add a worked example using realistic values that reproduces the calculator result. Explain assumptions, valid input ranges, rounding, edge cases and when results can differ from official/clinical/lender calculations. Add concise FAQs that answer formula, input, result and limitation questions. Date-stamp all time-sensitive data and cite the authoritative current source.","Stable formula plus current official data for any quoted legal/tax/plan thresholds, eligibility rules, benchmark assumptions or fees.",Conditional,When product/rule assumptions change,"A HELOC is secured by your home. CFPB warns that failure to repay can put the home at risk, and a lender may reduce or freeze access to additional credit in some circumstances.",https://www.consumerfinance.gov/ask-cfpb/what-is-a-home-equity-line-of-credit-heloc-en-107/ | https://www.consumerfinance.gov/ask-cfpb/what-is-the-difference-between-a-home-equity-loan-and-a-home-equity-line-of-credit-heloc-en-247/,/heloc-calculator/index.html
104,11,Home Equity Loan Calculator,home-equity-loan-calculator,Finance,Finance / Tax / Investment,Calculator,"Estimate a home equity loan payment, current equity, available borrowing room, CLTV, and total interest.",Monthly Payment Formula: The new home equity loan is modeled as a standard fixed-rate amortizing loan. The payment covers principal and interest over the selected term. Existing first-mortgage payments are not included in this calculator.,Home value; Current mortgage balance; Desired equity loan; Interest rate (%); Term (years); Planning max CLTV (%),Primary calculated result and supporting values,"Start with a direct answer describing exactly what the tool calculates. Show the exact implemented formula/algorithm and define every symbol, unit, and transformation. Explain every input: Home value, Current mortgage balance, Desired equity loan, Interest rate (%), Term (years), Planning max CLTV (%). Add a worked example using realistic values that reproduces the calculator result. Explain assumptions, valid input ranges, rounding, edge cases and when results can differ from official/clinical/lender calculations. Add concise FAQs that answer formula, input, result and limitation questions. Date-stamp all time-sensitive data and cite the authoritative current source.","Stable formula plus current official data for any quoted legal/tax/plan thresholds, eligibility rules, benchmark assumptions or fees.",Conditional,When product/rule assumptions change,"Explain formula domain, unit consistency, rounding, input validation and real-world limitations.",https://www.consumerfinance.gov/ask-cfpb/what-is-a-home-equity-loan-en-106/ | https://www.consumerfinance.gov/ask-cfpb/what-is-a-second-mortgage-loan-or-junior-lien-en-105/,/home-equity-loan-calculator/index.html
105,11,Payback Period Calculator,payback-period-calculator,Health & Fitness,Pregnancy / Reproductive Health,Calculator,"Calculate simple and discounted payback periods from an initial investment, annual cash flow, and discount rate.","Simple Payback Formula: Payback Period = Initial Investment ÷ Annual Net Cash Flow OpenStax uses this formula when net annual cash flows are even from period to period. For example, a $100,000 investment producing $25,000 per year has a simple payback of 4 years.",Initial investment; Annual net cash flow; Discount rate (%/yr),Primary calculated result and supporting values,"Start with a direct answer describing exactly what the tool calculates. Show the exact implemented formula/algorithm and define every symbol, unit, and transformation. Explain every input: Initial investment, Annual net cash flow, Discount rate (%/yr). Add a worked example using realistic values that reproduces the calculator result. Explain assumptions, valid input ranges, rounding, edge cases and when results can differ from official/clinical/lender calculations. Add concise FAQs that answer formula, input, result and limitation questions. Date-stamp all time-sensitive data and cite the authoritative current source.","Authoritative obstetric/reproductive formula source, gestational assumptions, date conventions, population scope and clinical limitations.",Conditional,When clinical guidance changes,"Simple payback ignores cash flows after the payback point and does not measure total profitability. Even discounted payback remains a recovery-time metric, so it should be considered alongside NPV, IRR, ROI, risk, and strategic factors.",https://openstax.org/books/principles-managerial-accounting/pages/11-2-evaluate-the-payback-and-accounting-rate-of-return-in-capital-investment-decisions,/payback-period-calculator/index.html
106,11,Present Value Calculator,present-value-calculator,Finance,Finance,Calculator,"Calculate the present value of a future lump sum using a discount rate, time horizon, and compounding frequency.","Present Value Formula: PV = FV ÷ (1 + r / m) m × t PV is present value, FV is future value, r is the nominal annual discount rate, m is compounding periods per year, and t is time in years. When compounding is annual, the familiar form is PV = FV ÷ (1 + r) n .",Future value; Annual discount rate (%); Years; Compounding,Primary calculated result and supporting values,"Start with a direct answer describing exactly what the tool calculates. Show the exact implemented formula/algorithm and define every symbol, unit, and transformation. Explain every input: Future value, Annual discount rate (%), Years, Compounding. Add a worked example using realistic values that reproduces the calculator result. Explain assumptions, valid input ranges, rounding, edge cases and when results can differ from official/clinical/lender calculations. Add concise FAQs that answer formula, input, result and limitation questions.","No live data required; verify mathematical definition, notation, domain restrictions, rounding and edge cases.",No,Only if formula/definition changes,"Explain formula domain, unit consistency, rounding, input validation and real-world limitations.",https://www.pearson.com/channels/macroeconomics/asset/08a2c327/how-do-you-calculate-present-value-and-future-value | https://www.calculatorsoup.com/calculators/financial/present-value-calculator-basic.php,/present-value-calculator/index.html
107,11,Rent vs Buy Calculator,rent-vs-buy-calculator,Finance,Finance / Tax / Investment,Calculator,"Compare renting versus buying using mortgage amortization, home appreciation, rent growth, ownership costs, selling costs, and investment returns.","Monthly cash-flow simulation. Buyer: down payment + closing costs, amortizing mortgage payment, tax/insurance/maintenance; home value grows by appreciation and ending equity = sale value − selling costs − remaining mortgage. Renter invests avoided upfront cash and monthly outflow differences at the assumed investment return. Compare ending wealth.",Monthly rent; Rent increase (%/yr); Home price; Down payment (%); Mortgage rate (%); Mortgage term (years); Years in home; Property tax (%/yr); Insurance (% of price/yr); Maintenance (%/yr); Home appreciation (%/yr); Investment return (%/yr); Buy closing costs (%); Selling costs (%),Primary calculated result and supporting values,"Start with a direct answer describing exactly what the tool calculates. Show the exact implemented formula/algorithm and define every symbol, unit, and transformation. Explain every input: Monthly rent, Rent increase (%/yr), Home price, Down payment (%), Mortgage rate (%), Mortgage term (years), Years in home, Property tax (%/yr), Insurance (% of price/yr), Maintenance (%/yr), Home appreciation (%/yr), Investment return (%/yr). Add a worked example using realistic values that reproduces the calculator result. Explain assumptions, valid input ranges, rounding, edge cases and when results can differ from official/clinical/lender calculations. Add concise FAQs that answer formula, input, result and limitation questions. Date-stamp all time-sensitive data and cite the authoritative current source.","Stable formula plus current official data for any quoted legal/tax/plan thresholds, eligibility rules, benchmark assumptions or fees.",Conditional,When product/rule assumptions change,"It excludes tax deductions or credits, mortgage insurance, HOA fees, renovation value, moving costs, security deposits, rent concessions, capital-gains taxes, and lender-specific closing details. Freddie Mac also describes rent-vs-buy tools as guidance and financial estimates rather than precise transaction calculations.",https://myhome.freddiemac.com/resources/calculators/rent-vs-buy | https://www.consumerfinance.gov/owning-a-home/prepare/determine-your-down-payment/,/rent-vs-buy-calculator/index.html
108,11,ROI Calculator,roi-calculator,Finance,Finance / Tax / Investment,Calculator,"Calculate return on investment, net gain, value multiple, and annualized ROI with a fast standalone ROI calculator.","ROI Formula: ROI = (Ending Value − Investment Cost) ÷ Investment Cost × 100 Fidelity describes the same basic method: subtract total investment cost from proceeds or current value, divide by total cost, then convert the result to a percentage.",Amount invested; Ending value / proceeds; Holding period (years),Primary calculated result and supporting values,"Start with a direct answer describing exactly what the tool calculates. Show the exact implemented formula/algorithm and define every symbol, unit, and transformation. Explain every input: Amount invested, Ending value / proceeds, Holding period (years). Add a worked example using realistic values that reproduces the calculator result. Explain assumptions, valid input ranges, rounding, edge cases and when results can differ from official/clinical/lender calculations. Add concise FAQs that answer formula, input, result and limitation questions. Date-stamp all time-sensitive data and cite the authoritative current source.","Stable formula plus current official data for any quoted legal/tax/plan thresholds, eligibility rules, benchmark assumptions or fees.",Conditional,When product/rule assumptions change,"Explain formula domain, unit consistency, rounding, input validation and real-world limitations.",https://www.fidelity.com/learning-center/smart-money/how-to-calculate-ROI | https://corporatefinanceinstitute.com/resources/accounting/return-on-investment-roi-formula/,/roi-calculator/index.html
109,11,VA Mortgage Calculator,va-mortgage-calculator,Date & Time,Finance / Tax / Investment,Calculator,"Estimate a VA-backed mortgage payment, current VA funding fee, financed loan amount, taxes, insurance, and HOA costs.","Base loan = price − down payment. Financed balance can include the VA funding fee. Monthly P&I uses M = P·r(1+r)^n / ((1+r)^n−1); add taxes, insurance and HOA. Funding-fee eligibility/rate is time-sensitive official data.",Home price; Down payment (%); Interest rate (%); Term (years); VA benefit use; Property tax (%/yr); Home insurance ($/yr); HOA ($/month); Funding-fee exempt; Finance funding fee,Primary calculated result and supporting values,"Start with a direct answer describing exactly what the tool calculates. Show the exact implemented formula/algorithm and define every symbol, unit, and transformation. Explain every input: Home price, Down payment (%), Interest rate (%), Term (years), VA benefit use, Property tax (%/yr), Home insurance ($/yr), HOA ($/month), Funding-fee exempt, Finance funding fee. Add a worked example using realistic values that reproduces the calculator result. Explain assumptions, valid input ranges, rounding, edge cases and when results can differ from official/clinical/lender calculations. Add concise FAQs that answer formula, input, result and limitation questions. Date-stamp all time-sensitive data and cite the authoritative current source.","Current official thresholds, limits, eligibility rules, effective tax year/date and authoritative government source.",Yes,At least annually / whenever rules change,"This tool does not determine VA eligibility, entitlement, residual-income requirements, lender underwriting, property eligibility, closing-cost rules, or interest-rate qualification. Use your lender’s Loan Estimate for transaction-specific costs.",https://www.va.gov/housing-assistance/home-loans/funding-fee-and-closing-costs/,/va-mortgage-calculator/index.html
110,12,Army Body Fat Calculator,army-body-fat-calculator,Health & Fitness,Health / Fitness / Nutrition,Calculator,Check the current U.S. Army waist-to-height ratio body composition standard and optionally view the retired 2023–2026 one-site body-fat estimate for historical reference.,Current Army WHtR Formula: Waist-to-Height Ratio = Waist Circumference ÷ Height Both measurements must use the same unit. A result below 0.55 is the stated benchmark for compliance. The Army says the ratio is recorded to three decimal places.,Height; Waist at navel; Sex used by retired equation; Body weight (lb); Abdomen at navel (in),Primary calculated result and supporting values,"Start with a direct answer describing exactly what the tool calculates. Show the exact implemented formula/algorithm and define every symbol, unit, and transformation. Explain every input: Height, Waist at navel, Sex used by retired equation, Body weight (lb), Abdomen at navel (in). Add a worked example using realistic values that reproduces the calculator result. Explain assumptions, valid input ranges, rounding, edge cases and when results can differ from official/clinical/lender calculations. Add concise FAQs that answer formula, input, result and limitation questions. Date-stamp all time-sensitive data and cite the authoritative current source.","Authoritative formula source, population/age/sex applicability, units, cutoffs/reference ranges and limitations; avoid diagnostic claims.",Conditional,When clinical/exercise guidance changes,This page is an informational implementation of published Army guidance and is not an official personnel record system. Policies can change. Soldiers should use current Army publications and their chain of command for official determinations.,https://www.army.mil/article/293753/army_modifies_body_composition_program_adopts_waist_to_height_ratio | https://www.army.mil/tellyourformation/,/army-body-fat-calculator/index.html
111,12,Calories Burned Calculator,calories-burned-calculator,Health & Fitness,Health / Fitness / Nutrition,Calculator,"Estimate exercise calories from activity MET value, body weight, and duration using standard metabolic-equivalent methodology.",Calories Burned Formula: Calories = MET × 3.5 × body weight (kg) ÷ 200 × minutes The 3.5 mL/kg/min convention is the standard reference used to define one MET. The 2024 Adult Compendium provides updated MET values for many activities.,Activity; Custom MET value; Body weight; Weight unit; Hours; Minutes,Primary calculated result and supporting values,"Start with a direct answer describing exactly what the tool calculates. Show the exact implemented formula/algorithm and define every symbol, unit, and transformation. Explain every input: Activity, Custom MET value, Body weight, Weight unit, Hours, Minutes. Add a worked example using realistic values that reproduces the calculator result. Explain assumptions, valid input ranges, rounding, edge cases and when results can differ from official/clinical/lender calculations. Add concise FAQs that answer formula, input, result and limitation questions. Date-stamp all time-sensitive data and cite the authoritative current source.","Authoritative formula source, population/age/sex applicability, units, cutoffs/reference ranges and limitations; avoid diagnostic claims.",Conditional,When clinical/exercise guidance changes,MET-based calorie estimates are approximations. The 2024 Compendium itself notes that standard MET values were created to standardize activity energy costs and do not precisely measure an individual’s expenditure. Wearables and lab tests also have limitations.,https://pacompendium.com/adult-compendium/ | https://www.calculator.net/calories-burned-calculator.html,/calories-burned-calculator/index.html
112,12,Carbohydrate Calculator,carbohydrate-calculator,Health & Fitness,Health / Fitness / Nutrition,Calculator,"Estimate daily carbohydrate grams from calorie needs using the adult AMDR of 45%–65% of calories, with a 130 g/day RDA reference for adults.","Carbohydrate Formula: Carb grams = Daily calories × Carb percentage ÷ 4 If you do not enter known daily calories, the calculator estimates basal metabolic rate with the Mifflin–St Jeor equation and multiplies it by the selected activity factor. That energy estimate is a planning assumption, not a clinical prescription.",Age; Sex; Height (cm); Weight (kg); Activity level; Known daily calories (optional),Primary calculated result and supporting values,"Start with a direct answer describing exactly what the tool calculates. Show the exact implemented formula/algorithm and define every symbol, unit, and transformation. Explain every input: Age, Sex, Height (cm), Weight (kg), Activity level, Known daily calories (optional). Add a worked example using realistic values that reproduces the calculator result. Explain assumptions, valid input ranges, rounding, edge cases and when results can differ from official/clinical/lender calculations. Add concise FAQs that answer formula, input, result and limitation questions. Date-stamp all time-sensitive data and cite the authoritative current source.","Authoritative formula source, population/age/sex applicability, units, cutoffs/reference ranges and limitations; avoid diagnostic claims.",Conditional,When clinical/exercise guidance changes,"Energy expenditure and carbohydrate needs vary with training volume, pregnancy, lactation, age, medical conditions, medications, and goals. Athletes doing prolonged exercise may require sport-specific carbohydrate planning.",https://www.nal.usda.gov/human-nutrition-and-food-safety/dri-calculator | https://www.calculator.net/carbohydrate-calculator.html,/carbohydrate-calculator/index.html
113,12,Commission Calculator,commission-calculator,Finance,Finance / Tax / Investment,Calculator,"Calculate sales commission, commission rate, sales amount, base pay, or tiered commission with a clear earnings breakdown.","Simple Commission Formula: Commission = Sales × (Commission Rate ÷ 100) To solve for sales, divide commission by the decimal commission rate. To solve for the rate, divide commission by sales and multiply by 100.",Solve for; Sales amount ($); Commission rate (%); Commission ($); Base pay for period ($); Total sales ($); Base pay ($); Tier 1 upper limit ($); Rate (%); Tier 2 upper limit ($); Tier 3 upper limit ($); Above Tier 3,Primary calculated result and supporting values,"Start with a direct answer describing exactly what the tool calculates. Show the exact implemented formula/algorithm and define every symbol, unit, and transformation. Explain every input: Solve for, Sales amount ($), Commission rate (%), Commission ($), Base pay for period ($), Total sales ($), Base pay ($), Tier 1 upper limit ($), Rate (%), Tier 2 upper limit ($), Tier 3 upper limit ($), Above Tier 3. Add a worked example using realistic values that reproduces the calculator result. Explain assumptions, valid input ranges, rounding, edge cases and when results can differ from official/clinical/lender calculations. Add concise FAQs that answer formula, input, result and limitation questions. Date-stamp all time-sensitive data and cite the authoritative current source.","Stable formula plus current official data for any quoted legal/tax/plan thresholds, eligibility rules, benchmark assumptions or fees.",Conditional,When product/rule assumptions change,This calculator follows the rates and tiers you enter. It does not interpret an employment contract or determine whether a sale is commissionable. Use your official compensation plan for final payroll decisions.,https://www.calculator.net/commission-calculator.html,/commission-calculator/index.html
114,12,Future Value Calculator,future-value-calculator,Finance,Finance,Calculator,"Calculate the future value of a lump sum and periodic deposits with compound growth, payment timing, interest earned, and a period-by-period schedule.","Formula variables: FV is future value, PV is the starting amount, r is the rate per period as a decimal, n is the number of periods, and PMT is the recurring deposit.",Starting amount (PV); Number of periods; Interest rate per period (%); Periodic deposit (PMT); Deposit timing,Primary calculated result and supporting values,"Start with a direct answer describing exactly what the tool calculates. Show the exact implemented formula/algorithm and define every symbol, unit, and transformation. Explain every input: Starting amount (PV), Number of periods, Interest rate per period (%), Periodic deposit (PMT), Deposit timing. Add a worked example using realistic values that reproduces the calculator result. Explain assumptions, valid input ranges, rounding, edge cases and when results can differ from official/clinical/lender calculations. Add concise FAQs that answer formula, input, result and limitation questions.","No live data required; verify mathematical definition, notation, domain restrictions, rounding and edge cases.",No,Only if formula/definition changes,"Future value is a mathematical projection, not a guarantee. Real investments may have changing returns, fees, taxes, inflation, contribution changes, and losses that this simplified model does not automatically include.",https://www.investor.gov/financial-tools-calculators/calculators/compound-interest-calculator | https://www.calculator.net/future-value-calculator.html,/future-value-calculator/index.html
115,12,Healthy Weight Calculator,healthy-weight-calculator,Health & Fitness,Health / Fitness / Nutrition,Calculator,Estimate the adult weight range that corresponds to the CDC healthy BMI category of 18.5 to 24.9 for a given height.,Healthy Weight Formula: Weight (kg) = BMI × Height (m)² The lower boundary uses BMI 18.5 and the upper boundary uses BMI 24.9. The tool also converts the result to pounds for convenience.,"Height (cm); Feet; Inches; Current weight (optional, kg)",Primary calculated result and supporting values,"Start with a direct answer describing exactly what the tool calculates. Show the exact implemented formula/algorithm and define every symbol, unit, and transformation. Explain every input: Height (cm), Feet, Inches, Current weight (optional, kg). Add a worked example using realistic values that reproduces the calculator result. Explain assumptions, valid input ranges, rounding, edge cases and when results can differ from official/clinical/lender calculations. Add concise FAQs that answer formula, input, result and limitation questions. Date-stamp all time-sensitive data and cite the authoritative current source.","Authoritative formula source, population/age/sex applicability, units, cutoffs/reference ranges and limitations; avoid diagnostic claims.",Conditional,When clinical/exercise guidance changes,Adult BMI cutoffs should not be used for children or teens. BMI also does not directly measure body fat or fat distribution. Discuss weight and health risk with a qualified healthcare professional when medical decisions depend on the result.,https://www.cdc.gov/bmi/adult-calculator/index.html | https://www.calculator.net/healthy-weight-calculator.html,/healthy-weight-calculator/index.html
116,12,Lean Body Mass Calculator,lean-body-mass-calculator,Health & Fitness,Conversion / Science / Web,Calculator,"Estimate lean body mass with Boer, James, and Hume formulas and compare implied body-fat mass from height, weight, and sex.","Lean Body Mass Formulas: For adults, this calculator shows three commonly used equations. Weight W is in kilograms and height H is in centimeters. Boer (male): 0.407W + 0.267H − 19.2 Boer (female): 0.252W + 0.473H − 48.3 James (male): 1.1W − 128(W/H)² James (female): 1.07W − 148(W/H)² Hume (male): 0.32810W + 0.33929H − 29.5336 Hume (female): 0.29569W + 0.41813H − 43.2933",Sex; Height (cm); Weight (kg),Primary calculated result and supporting values,"Start with a direct answer describing exactly what the tool calculates. Show the exact implemented formula/algorithm and define every symbol, unit, and transformation. Explain every input: Sex, Height (cm), Weight (kg). Add a worked example using realistic values that reproduces the calculator result. Explain assumptions, valid input ranges, rounding, edge cases and when results can differ from official/clinical/lender calculations. Add concise FAQs that answer formula, input, result and limitation questions. Date-stamp all time-sensitive data and cite the authoritative current source.","Exact conversion constants/protocol/standard definitions, units and edge cases; cite primary standards where practical.",Conditional,When standards/constants change,"Equation estimates can be less representative at unusual heights, weights, or body compositions. They cannot distinguish a muscular athlete from a sedentary person with the same height and weight. Clinical uses may require a specific equation or measured body composition.",https://www.calculator.net/lean-body-mass-calculator.html,/lean-body-mass-calculator/index.html
117,12,One Rep Max Calculator,one-rep-max-calculator,Health & Fitness,Health / Fitness / Nutrition,Calculator,"Estimate one-repetition maximum from a submaximal lift using Epley, Brzycki, or Lombardi formulas and view useful percentages of estimated 1RM.",1RM Estimation Formulas: Epley: 1RM = weight × (1 + reps ÷ 30) Brzycki: 1RM = weight ÷ (1.0278 − 0.0278 × reps) Lombardi: 1RM = weight × reps^0.10,Weight lifted; Unit; Repetitions (1–10); Formula,Primary calculated result and supporting values,"Start with a direct answer describing exactly what the tool calculates. Show the exact implemented formula/algorithm and define every symbol, unit, and transformation. Explain every input: Weight lifted, Unit, Repetitions (1–10), Formula. Add a worked example using realistic values that reproduces the calculator result. Explain assumptions, valid input ranges, rounding, edge cases and when results can differ from official/clinical/lender calculations. Add concise FAQs that answer formula, input, result and limitation questions. Date-stamp all time-sensitive data and cite the authoritative current source.","Authoritative formula source, population/age/sex applicability, units, cutoffs/reference ranges and limitations; avoid diagnostic claims.",Conditional,When clinical/exercise guidance changes,"A formula is not a guarantee that a maximal attempt is safe or achievable. Fatigue, technique, training experience, exercise selection, and individual differences matter. Beginners and people with health concerns should avoid unsupervised maximal lifting.",https://www.calculator.net/one-rep-max-calculator.html,/one-rep-max-calculator/index.html
118,12,Protein Calculator,protein-calculator,Health & Fitness,Health / Fitness / Nutrition,Calculator,"Estimate daily protein targets from body weight and activity, with the adult RDA and athlete ranges referenced from U.S. NIH nutrition guidance.",Protein Formula: Daily protein (g) = Body weight (kg) × Protein target (g/kg/day) The NIH Office of Dietary Supplements notes that athletes generally require about 1.2–2.0 g/kg/day. The adult RDA reference is 0.8 g/kg/day.,Body weight; Unit; Activity context; Meals / protein feedings per day,Primary calculated result and supporting values,"Start with a direct answer describing exactly what the tool calculates. Show the exact implemented formula/algorithm and define every symbol, unit, and transformation. Explain every input: Body weight, Unit, Activity context, Meals / protein feedings per day. Add a worked example using realistic values that reproduces the calculator result. Explain assumptions, valid input ranges, rounding, edge cases and when results can differ from official/clinical/lender calculations. Add concise FAQs that answer formula, input, result and limitation questions. Date-stamp all time-sensitive data and cite the authoritative current source.","Authoritative formula source, population/age/sex applicability, units, cutoffs/reference ranges and limitations; avoid diagnostic claims.",Conditional,When clinical/exercise guidance changes,"More is not automatically better, and medical conditions can require a very different protein prescription. This calculator does not evaluate kidney function, total diet quality, energy intake, or amino-acid adequacy.",https://ods.od.nih.gov/factsheets/ExerciseAndAthleticPerformance-HealthProfessional/ | https://www.nal.usda.gov/human-nutrition-and-food-safety/dri-calculator | https://www.calculator.net/protein-calculator.html,/protein-calculator/index.html
119,12,Target Heart Rate Calculator,target-heart-rate-calculator,Health & Fitness,Health / Fitness / Nutrition,Calculator,"Estimate maximum heart rate and exercise target zones using 220−age, Tanaka, or Nes formulas, with optional Karvonen heart-rate-reserve zones.",Maximum Heart Rate Formulas: Haskell/Fox guide: HRmax = 220 − age Tanaka: HRmax = 208 − 0.7 × age Nes: HRmax = 211 − 0.64 × age,Age; Maximum HR formula; Resting heart rate (optional); Zone method,Primary calculated result and supporting values,"Start with a direct answer describing exactly what the tool calculates. Show the exact implemented formula/algorithm and define every symbol, unit, and transformation. Explain every input: Age, Maximum HR formula, Resting heart rate (optional), Zone method. Add a worked example using realistic values that reproduces the calculator result. Explain assumptions, valid input ranges, rounding, edge cases and when results can differ from official/clinical/lender calculations. Add concise FAQs that answer formula, input, result and limitation questions. Date-stamp all time-sensitive data and cite the authoritative current source.","Authoritative formula source, population/age/sex applicability, units, cutoffs/reference ranges and limitations; avoid diagnostic claims.",Conditional,When clinical/exercise guidance changes,"Explain formula domain, unit consistency, rounding, input validation and real-world limitations.",https://www.heart.org/en/healthy-living/exercise-and-physical-activity/fitness-basics/target-heart-rates | https://www.calculator.net/target-heart-rate-calculator.html,/target-heart-rate-calculator/index.html
120,13,BAC Calculator,bac-calculator,Health & Fitness,Health / Fitness / Nutrition,Calculator,Estimate blood alcohol concentration with a simplified Widmark-style model for education only; never use the result to decide whether to drive.,"Widmark-Style Formula: The calculator first converts beverage volume and ABV into grams of ethanol using ethanol density (~0.789 g/mL). A simplified form is BAC% ≈ [alcohol grams ÷ (r × body weight kg)] ÷ 10 − 0.015 × hours , where r is 0.68 for males and 0.55 for females in the classic model.",Sex used by model; Body weight (kg); Hours since first drink; Beer: 355 mL at 5%; Wine: 148 mL at 12%; Spirits: 44 mL at 40%,Primary calculated result and supporting values,"Start with a direct answer describing exactly what the tool calculates. Show the exact implemented formula/algorithm and define every symbol, unit, and transformation. Explain every input: Sex used by model, Body weight (kg), Hours since first drink, Beer: 355 mL at 5%, Wine: 148 mL at 12%, Spirits: 44 mL at 40%. Add a worked example using realistic values that reproduces the calculator result. Explain assumptions, valid input ranges, rounding, edge cases and when results can differ from official/clinical/lender calculations. Add concise FAQs that answer formula, input, result and limitation questions. Date-stamp all time-sensitive data and cite the authoritative current source.","Authoritative formula source, population/age/sex applicability, units, cutoffs/reference ranges and limitations; avoid diagnostic claims.",Conditional,When clinical/exercise guidance changes,"This page cannot measure your BAC and cannot tell whether you are safe to drive. If alcohol has been consumed, use a sober driver, taxi/ride service, public transport, or stay where you are.",https://www.cdc.gov/alcohol/standard-drink-sizes/index.html | https://www.nhtsa.gov/risky-driving/drunk-driving | https://www.nhtsa.gov/sites/nhtsa.gov/files/2023-04/15941-2023_Preliminary_School_Instructor_Guide-tag.pdf | https://pmc.ncbi.nlm.nih.gov/articles/PMC7564564/,/bac-calculator/index.html
121,13,Body Surface Area Calculator,body-surface-area-calculator,Health & Fitness,Health / Fitness / Nutrition,Calculator,"Estimate body surface area (BSA) with Mosteller and compare Du Bois, Haycock, Gehan & George, and Schlich formulas.",Mosteller Formula: BSA (m²) = √[(height cm × weight kg) / 3600] . This is algebraically equivalent to 0.016667 × W^0.5 × H^0.5.,Units; Sex for Schlich formula; Height; Weight,Primary calculated result and supporting values,"Start with a direct answer describing exactly what the tool calculates. Show the exact implemented formula/algorithm and define every symbol, unit, and transformation. Explain every input: Units, Sex for Schlich formula, Height, Weight. Add a worked example using realistic values that reproduces the calculator result. Explain assumptions, valid input ranges, rounding, edge cases and when results can differ from official/clinical/lender calculations. Add concise FAQs that answer formula, input, result and limitation questions. Date-stamp all time-sensitive data and cite the authoritative current source.","Authoritative formula source, population/age/sex applicability, units, cutoffs/reference ranges and limitations; avoid diagnostic claims.",Conditional,When clinical/exercise guidance changes,BSA is an estimate. Do not use an online BSA result alone to select chemotherapy or other medication doses.,https://www.calculator.net/body-surface-area-calculator.html | https://pubmed.ncbi.nlm.nih.gov/3657876/ | https://www.niddk.nih.gov/research-funding/research-programs/kidney-clinical-research-epidemiology/laboratory/ckd-drug-dosing-providers,/body-surface-area-calculator/index.html
122,13,Body Type Calculator,body-type-calculator,Health & Fitness,Health / Fitness / Nutrition,Calculator,"Estimate a descriptive female body-shape category from bust, waist, high-hip, and hip measurements.","Method at a glance: Estimate a descriptive female body-shape category from bust, waist, high-hip, and hip measurements.",Measurement unit; Bust; Waist; High hip; Hip,Primary calculated result and supporting values,"Start with a direct answer describing exactly what the tool calculates. Show the exact implemented formula/algorithm and define every symbol, unit, and transformation. Explain every input: Measurement unit, Bust, Waist, High hip, Hip. Add a worked example using realistic values that reproduces the calculator result. Explain assumptions, valid input ranges, rounding, edge cases and when results can differ from official/clinical/lender calculations. Add concise FAQs that answer formula, input, result and limitation questions. Date-stamp all time-sensitive data and cite the authoritative current source.","Authoritative formula source, population/age/sex applicability, units, cutoffs/reference ranges and limitations; avoid diagnostic claims.",Conditional,When clinical/exercise guidance changes,"Measurement technique, posture, bra/clothing, and where the tape is placed can change the result. Human body shapes exist on a continuum, so some measurements may not fit a single category cleanly.",https://www.emerald.com/insight/content/doi/10.1108/09556220710819555/full/html | https://www.calculator.net/body-type-calculator.html,/body-type-calculator/index.html
123,13,Conception Calculator,conception-calculator,Health & Fitness,Pregnancy / Reproductive Health,Calculator,Estimate a fertile window and peak conception days from the last menstrual period and average cycle length.,"Conception Formula: estimated ovulation cycle day = cycle length − 14; because LMP is cycle day 1, the calendar-date offset is cycle length − 15 days . The broader fertility window reflects sperm survival for up to about five days and the egg’s much shorter life after ovulation.",First day of last period; Average cycle length (days),Primary calculated result and supporting values,"Start with a direct answer describing exactly what the tool calculates. Show the exact implemented formula/algorithm and define every symbol, unit, and transformation. Explain every input: First day of last period, Average cycle length (days). Add a worked example using realistic values that reproduces the calculator result. Explain assumptions, valid input ranges, rounding, edge cases and when results can differ from official/clinical/lender calculations. Add concise FAQs that answer formula, input, result and limitation questions. Date-stamp all time-sensitive data and cite the authoritative current source.","Authoritative obstetric/reproductive formula source, gestational assumptions, date conventions, population scope and clinical limitations.",Conditional,When clinical guidance changes,"Calendar calculations are less reliable when cycle length varies. A positive ovulation predictor kit, cervical-mucus pattern, ultrasound, or hormone testing provides different information from a date estimate.",https://www.acog.org/womens-health/faqs/fertility-awareness-based-methods-of-family-planning | https://www.acog.org/womens-health/experts-and-stories/the-latest/trying-to-get-pregnant-heres-when-to-have-sex,/conception-calculator/index.html
124,13,Fat Intake Calculator,fat-intake-calculator,Health & Fitness,Health & Fitness,Calculator,Estimate adult daily fat intake in grams from energy needs using a 20–35% of calories range.,Formula Variables: Calories are estimated daily energy needs; fat percentage is 0.20 to 0.35; and 9 is the approximate kilocalories supplied by one gram of dietary fat.,Units; Age; Sex used by equation; Height; Weight; Activity level,Primary calculated result and supporting values,"Start with a direct answer describing exactly what the tool calculates. Show the exact implemented formula/algorithm and define every symbol, unit, and transformation. Explain every input: Units, Age, Sex used by equation, Height, Weight, Activity level. Add a worked example using realistic values that reproduces the calculator result. Explain assumptions, valid input ranges, rounding, edge cases and when results can differ from official/clinical/lender calculations. Add concise FAQs that answer formula, input, result and limitation questions.","No live data required; verify mathematical definition, notation, domain restrictions, rounding and edge cases.",No,Only if formula/definition changes,Energy equations and activity multipliers are population estimates. This calculator is designed for adults and does not replace individualized nutrition care.,https://www.nationalacademies.org/read/27957/chapter/5 | https://www.ncbi.nlm.nih.gov/books/NBK278991/table/diet-treatment-obes.table12est/ | https://www.calculator.net/fat-intake-calculator.html,/fat-intake-calculator/index.html
125,13,GFR Calculator,gfr-calculator,Health & Fitness,Health / Fitness / Nutrition,Calculator,Estimate adult eGFR with the current 2021 race-free CKD-EPI creatinine equation.,"2021 CKD-EPI Creatinine Formula: eGFR = 142 × min(SCr/κ,1)^α × max(SCr/κ,1)^−1.200 × 0.9938^Age × 1.012 if female . For women κ=0.7 and α=−0.241; for men κ=0.9 and α=−0.302.",Age (18+); Sex used by equation; Serum creatinine; Creatinine unit,Primary calculated result and supporting values,"Start with a direct answer describing exactly what the tool calculates. Show the exact implemented formula/algorithm and define every symbol, unit, and transformation. Explain every input: Age (18+), Sex used by equation, Serum creatinine, Creatinine unit. Add a worked example using realistic values that reproduces the calculator result. Explain assumptions, valid input ranges, rounding, edge cases and when results can differ from official/clinical/lender calculations. Add concise FAQs that answer formula, input, result and limitation questions. Date-stamp all time-sensitive data and cite the authoritative current source.","Authoritative formula source, population/age/sex applicability, units, cutoffs/reference ranges and limitations; avoid diagnostic claims.",Conditional,When clinical/exercise guidance changes,"eGFR is an estimate, not a direct filtration measurement. Creatinine-only equations may be less reliable in unusual muscle mass, rapidly changing kidney function, or near drug-dosing/transplant decision thresholds.",https://www.kidney.org/professionals/ckd-epi-creatinine-equation-2021 | https://www.niddk.nih.gov/research-funding/research-programs/kidney-clinical-research-epidemiology/laboratory/glomerular-filtration-rate-equations/adults | https://www.kidney.org/professionals/gfr_calculator,/gfr-calculator/index.html
126,13,Number Sequence Calculator,number-sequence-calculator,Math & Statistics,Math / Statistics / Geometry,Calculator,"Calculate arithmetic, geometric, and Fibonacci sequence terms, previews, and finite sums.","Geometric Sequence Formula: aₙ = a₁r^(n−1) . For r ≠ 1, the finite sum is Sₙ = a₁(1−rⁿ)/(1−r) .",Sequence type; First term (a₁); Difference d / Ratio r; Term position n,Primary calculated result and supporting values,"Start with a direct answer describing exactly what the tool calculates. Show the exact implemented formula/algorithm and define every symbol, unit, and transformation. Explain every input: Sequence type, First term (a₁), Difference d / Ratio r, Term position n. Add a worked example using realistic values that reproduces the calculator result. Explain assumptions, valid input ranges, rounding, edge cases and when results can differ from official/clinical/lender calculations. Add concise FAQs that answer formula, input, result and limitation questions.","No live data required; verify mathematical definition, notation, domain restrictions, rounding and edge cases.",No,Only if formula/definition changes,Very large geometric terms can exceed JavaScript’s finite-number range. Fibonacci terms are calculated with exact integers but long outputs are truncated to keep the page readable.,https://www.calculator.net/number-sequence-calculator.html | https://www.britannica.com/science/Fibonacci-number,/number-sequence-calculator/index.html
127,13,Ovulation Calculator,ovulation-calculator,Health & Fitness,Pregnancy / Reproductive Health,Calculator,"Estimate ovulation, fertile-window dates, and the next period from the last menstrual period and average cycle length.","Method at a glance: Estimate ovulation, fertile-window dates, and the next period from the last menstrual period and average cycle length.",First day of last period; Average cycle length (days),Primary calculated result and supporting values,"Start with a direct answer describing exactly what the tool calculates. Show the exact implemented formula/algorithm and define every symbol, unit, and transformation. Explain every input: First day of last period, Average cycle length (days). Add a worked example using realistic values that reproduces the calculator result. Explain assumptions, valid input ranges, rounding, edge cases and when results can differ from official/clinical/lender calculations. Add concise FAQs that answer formula, input, result and limitation questions. Date-stamp all time-sensitive data and cite the authoritative current source.","Authoritative obstetric/reproductive formula source, gestational assumptions, date conventions, population scope and clinical limitations.",Conditional,When clinical guidance changes,"Stress, illness, postpartum changes, perimenopause, and naturally irregular cycles can shift ovulation. This calculator is for planning and education, not contraception or diagnosis.",https://www.acog.org/womens-health/faqs/fertility-awareness-based-methods-of-family-planning | https://www.acog.org/womens-health/experts-and-stories/the-latest/trying-to-get-pregnant-heres-when-to-have-sex,/ovulation-calculator/index.html
128,13,Period Calculator,period-calculator,Health & Fitness,Pregnancy / Reproductive Health,Calculator,Predict upcoming period dates and an approximate ovulation date from your usual cycle pattern.,"Period Prediction Formula: next period start = last period start + average cycle length . Each later projection repeats the same interval. The estimated ovulation cycle day is approximately cycle length minus 14; because the LMP is cycle day 1, the calendar-date offset is one day less.",First day of last period; Typical bleeding (days); Average cycle length (days),Primary calculated result and supporting values,"Start with a direct answer describing exactly what the tool calculates. Show the exact implemented formula/algorithm and define every symbol, unit, and transformation. Explain every input: First day of last period, Typical bleeding (days), Average cycle length (days). Add a worked example using realistic values that reproduces the calculator result. Explain assumptions, valid input ranges, rounding, edge cases and when results can differ from official/clinical/lender calculations. Add concise FAQs that answer formula, input, result and limitation questions. Date-stamp all time-sensitive data and cite the authoritative current source.","Authoritative obstetric/reproductive formula source, gestational assumptions, date conventions, population scope and clinical limitations.",Conditional,When clinical guidance changes,"Irregular cycles make date prediction less reliable. Seek medical advice for new or concerning changes, unusually heavy bleeding, severe pain, or persistent cycle changes.",https://www.acog.org/womens-health/faqs/fertility-awareness-based-methods-of-family-planning | https://www.acog.org/womens-health/experts-and-stories/the-latest/trying-to-get-pregnant-heres-when-to-have-sex | https://www.acog.org/womens-health/faqs/amenorrhea-absence-of-periods,/period-calculator/index.html
129,13,TDEE Calculator,tdee-calculator,Health & Fitness,Health / Fitness / Nutrition,Calculator,Estimate total daily energy expenditure (TDEE) from resting energy and activity level.,"TDEE Formula: This calculator uses TDEE = estimated resting energy × activity factor . Resting energy uses the Mifflin–St Jeor equation: men 10W + 6.25H − 5A + 5 ; women 10W + 6.25H − 5A − 161 , with W in kg, H in cm, and A in years.",Units; Age; Sex used by equation; Height; Weight; Activity level,Primary calculated result and supporting values,"Start with a direct answer describing exactly what the tool calculates. Show the exact implemented formula/algorithm and define every symbol, unit, and transformation. Explain every input: Units, Age, Sex used by equation, Height, Weight, Activity level. Add a worked example using realistic values that reproduces the calculator result. Explain assumptions, valid input ranges, rounding, edge cases and when results can differ from official/clinical/lender calculations. Add concise FAQs that answer formula, input, result and limitation questions. Date-stamp all time-sensitive data and cite the authoritative current source.","Authoritative formula source, population/age/sex applicability, units, cutoffs/reference ranges and limitations; avoid diagnostic claims.",Conditional,When clinical/exercise guidance changes,"Predictive equations cannot fully capture differences in body composition, spontaneous movement, training efficiency, or medical conditions. Pregnancy and pediatric energy needs require different methods.",https://www.ncbi.nlm.nih.gov/books/NBK278991/table/diet-treatment-obes.table12est/ | https://www.calculator.net/tdee-calculator.html,/tdee-calculator/index.html
130,14,Area Calculator,area-calculator,Math & Statistics,Math / Statistics / Geometry,Calculator,"Calculate the area of rectangles, squares, triangles, circles, parallelograms, trapezoids, ellipses, and rhombi.",Common Area Formulas: Shape Formula Rectangle A = lw Square A = s² Triangle A = ½bh Circle A = πr² Trapezoid A = ½(a+b)h Ellipse A = πab,Shape; Unit,Primary calculated result and supporting values,"Start with a direct answer describing exactly what the tool calculates. Show the exact implemented formula/algorithm and define every symbol, unit, and transformation. Explain every input: Shape, Unit. Add a worked example using realistic values that reproduces the calculator result. Explain assumptions, valid input ranges, rounding, edge cases and when results can differ from official/clinical/lender calculations. Add concise FAQs that answer formula, input, result and limitation questions.","No live data required; verify mathematical definition, notation, domain restrictions, rounding and edge cases.",No,Only if formula/definition changes,"The formulas assume ideal geometric shapes and consistent dimensions. Irregular regions may require decomposition, coordinate methods, numerical integration, or direct measurement.",https://openstax.org/books/prealgebra/pages/c-geometric-formulas,/area-calculator/index.html
131,14,Binary Calculator,binary-calculator,Math & Statistics,Math / Statistics / Geometry,Calculator,Perform exact binary integer arithmetic and convert results to decimal and hexadecimal.,"How Binary Place Value Works: bₙ…b₂b₁b₀ = Σ bᵢ × 2ⁱ Binary is base 2. Hexadecimal is base 16, and because 16 = 2⁴, each hexadecimal digit corresponds to exactly four binary bits.",Binary A; Operation; Binary B,Primary calculated result and supporting values,"Start with a direct answer describing exactly what the tool calculates. Show the exact implemented formula/algorithm and define every symbol, unit, and transformation. Explain every input: Binary A, Operation, Binary B. Add a worked example using realistic values that reproduces the calculator result. Explain assumptions, valid input ranges, rounding, edge cases and when results can differ from official/clinical/lender calculations. Add concise FAQs that answer formula, input, result and limitation questions.","No live data required; verify mathematical definition, notation, domain restrictions, rounding and edge cases.",No,Only if formula/definition changes,"This calculator is for integers, not binary fractions or IEEE-754 floating-point encodings. Division returns an integer quotient and remainder, matching BigInt integer division.",https://www.cs.uni.edu/~schafer/cohort26/FCCS/lessons/week1/topic1b/t1b_r3_hex.html | https://www.eecs.umich.edu/courses/eecs452/Handout/number_systems.html,/binary-calculator/index.html
132,14,Exponent Calculator,exponent-calculator,Math & Statistics,Math / Statistics / Geometry,Calculator,Calculate a number raised to any valid real exponent and view the result in standard and scientific notation.,Power calculation y = a^n. Standard rules: a^m·a^n=a^(m+n); a^m/a^n=a^(m−n); (a^m)^n=a^(mn); a^0=1 for a≠0; a^(−n)=1/a^n.,Base (a); Exponent (n),Primary calculated result and supporting values,"Start with a direct answer describing exactly what the tool calculates. Show the exact implemented formula/algorithm and define every symbol, unit, and transformation. Explain every input: Base (a), Exponent (n). Add a worked example using realistic values that reproduces the calculator result. Explain assumptions, valid input ranges, rounding, edge cases and when results can differ from official/clinical/lender calculations. Add concise FAQs that answer formula, input, result and limitation questions.","No live data required; verify mathematical definition, notation, domain restrictions, rounding and edge cases.",No,Only if formula/definition changes,Very large powers may overflow ordinary JavaScript floating-point range. A zero base with a negative exponent is undefined. Negative bases with non-integer exponents can produce non-real values and are rejected by this real-number calculator.,https://openstax.org/books/college-algebra-2e/pages/1-key-equations | https://openstax.org/books/algebra-1/pages/5-4-1-exponent-rules,/exponent-calculator/index.html
133,14,Half-Life Calculator,half-life-calculator,Math & Statistics,Math / Statistics / Geometry,Calculator,"Calculate exponential half-life decay, remaining amount, decayed amount, elapsed half-lives, and decay constant.","Half-Life Formula: N(t) = N₀ × (1/2)^(t / t½) and λ = ln(2) / t½ After each full half-life, the modeled quantity is multiplied by one-half. OpenStax gives the equivalent exponential-decay form and the relationship between the decay constant and half-life.",Initial amount; Half-life; Elapsed time; Time unit,Primary calculated result and supporting values,"Start with a direct answer describing exactly what the tool calculates. Show the exact implemented formula/algorithm and define every symbol, unit, and transformation. Explain every input: Initial amount, Half-life, Elapsed time, Time unit. Add a worked example using realistic values that reproduces the calculator result. Explain assumptions, valid input ranges, rounding, edge cases and when results can differ from official/clinical/lender calculations. Add concise FAQs that answer formula, input, result and limitation questions.","No live data required; verify mathematical definition, notation, domain restrictions, rounding and edge cases.",No,Only if formula/definition changes,"This page is a mathematical model. Real systems may involve mixtures of isotopes, biological clearance, changing rates, measurement uncertainty, or other mechanisms not represented by a single constant half-life.",https://openstax.org/books/algebra-and-trigonometry/pages/6-key-equations,/half-life-calculator/index.html
134,14,Hex Calculator,hex-calculator,Math & Statistics,Math / Statistics / Geometry,Calculator,Perform exact hexadecimal integer arithmetic and convert results to decimal and binary.,"How Hexadecimal Place Value Works: dₙ…d₂d₁d₀ = Σ dᵢ × 16ⁱ Since 16 = 2⁴, every hexadecimal digit corresponds exactly to four binary bits. A through F represent decimal 10 through 15.",Hex A; Hex B; Operation,Primary calculated result and supporting values,"Start with a direct answer describing exactly what the tool calculates. Show the exact implemented formula/algorithm and define every symbol, unit, and transformation. Explain every input: Hex A, Hex B, Operation. Add a worked example using realistic values that reproduces the calculator result. Explain assumptions, valid input ranges, rounding, edge cases and when results can differ from official/clinical/lender calculations. Add concise FAQs that answer formula, input, result and limitation questions.","No live data required; verify mathematical definition, notation, domain restrictions, rounding and edge cases.",No,Only if formula/definition changes,"The calculator handles signed integers, not fractional hexadecimal values or raw memory encodings. Division returns an integer quotient and remainder.",https://www.cs.uni.edu/~schafer/cohort26/FCCS/lessons/week1/topic1b/t1b_r3_hex.html | https://nob.cs.ucdavis.edu/classes/ecs036a-2019-01/handouts/bases.html,/hex-calculator/index.html
135,14,Log Calculator,log-calculator,Math & Statistics,Math / Statistics / Geometry,Calculator,"Calculate logarithms in any valid real base and compare natural log, common log, and exponential verification.","Logarithm Formula: logᵦ(x) = ln(x) / ln(b) ⇔ b^(logᵦ(x)) = x OpenStax gives this as the change-of-base formula, allowing a logarithm in any valid base to be computed using natural or common logarithms.",Number x; Base b,Primary calculated result and supporting values,"Start with a direct answer describing exactly what the tool calculates. Show the exact implemented formula/algorithm and define every symbol, unit, and transformation. Explain every input: Number x, Base b. Add a worked example using realistic values that reproduces the calculator result. Explain assumptions, valid input ranges, rounding, edge cases and when results can differ from official/clinical/lender calculations. Add concise FAQs that answer formula, input, result and limitation questions.","No live data required; verify mathematical definition, notation, domain restrictions, rounding and edge cases.",No,Only if formula/definition changes,"This page evaluates real logarithms only. It does not calculate complex logarithms. Inputs must satisfy x > 0, b > 0, and b ≠ 1.",https://openstax.org/books/algebra-and-trigonometry/pages/6-key-equations | https://openstax.org/books/college-algebra-corequisite-support/pages/6-5-logarithmic-properties,/log-calculator/index.html
136,14,Percent Error Calculator,percent-error-calculator,Math & Statistics,Math / Statistics / Geometry,Calculator,"Calculate percent error, absolute error, relative error, and signed error from observed and accepted values.","Percent Error Formula: Percent error = |observed − accepted| / |accepted| × 100% NIST defines absolute error as the magnitude of the difference between an approximation and the reference quantity, and relative error as absolute error divided by the magnitude of the reference value. Percent error is that relative error expressed as a percentage.",Observed / experimental value; Accepted / reference value,Primary calculated result and supporting values,"Start with a direct answer describing exactly what the tool calculates. Show the exact implemented formula/algorithm and define every symbol, unit, and transformation. Explain every input: Observed / experimental value, Accepted / reference value. Add a worked example using realistic values that reproduces the calculator result. Explain assumptions, valid input ranges, rounding, edge cases and when results can differ from official/clinical/lender calculations. Add concise FAQs that answer formula, input, result and limitation questions.","No live data required; verify mathematical definition, notation, domain restrictions, rounding and edge cases.",No,Only if formula/definition changes,"Percent error is undefined when the accepted value is zero. It also describes disagreement with a reference value, not measurement uncertainty, repeatability, or statistical significance. For metrology work, error and uncertainty should not be treated as identical concepts.",https://dlmf.nist.gov/3.1 | https://www.nist.gov/pml/nist-technical-note-1297/nist-tn-1297-appendix-d1-terminology,/percent-error-calculator/index.html
137,14,Quadratic Formula Calculator,quadratic-formula-calculator,Math & Statistics,Math / Statistics / Geometry,Calculator,"Solve quadratic equations with the quadratic formula and view roots, discriminant, vertex, and axis of symmetry.","Quadratic Formula: x = (−b ± √(b² − 4ac)) / (2a) The quantity b² − 4ac is called the discriminant. Its sign determines whether the roots are two distinct real numbers, one repeated real number, or a complex-conjugate pair.",a; b; c,Primary calculated result and supporting values,"Start with a direct answer describing exactly what the tool calculates. Show the exact implemented formula/algorithm and define every symbol, unit, and transformation. Explain every input: a, b, c. Add a worked example using realistic values that reproduces the calculator result. Explain assumptions, valid input ranges, rounding, edge cases and when results can differ from official/clinical/lender calculations. Add concise FAQs that answer formula, input, result and limitation questions.","No live data required; verify mathematical definition, notation, domain restrictions, rounding and edge cases.",No,Only if formula/definition changes,"The quadratic formula applies only when the coefficient a is nonzero. Results use floating-point arithmetic, so irrational and complex values are displayed as rounded decimal approximations.",https://openstax.org/books/college-algebra-2e/pages/2-key-equations | https://openstax.org/books/college-algebra-2e/pages/5-1-quadratic-functions,/quadratic-formula-calculator/index.html
138,14,Sample Size Calculator,sample-size-calculator,Math & Statistics,Math / Statistics / Geometry,Calculator,"Estimate sample size for a population proportion using confidence level, margin of error, expected proportion, and finite-population correction.","Sample Size Formula: n₀ = z² p(1−p) / e² Finite population: n = n₀ / [1 + (n₀−1)/N] NIST gives the large-population proportion formula. The finite-population correction shown here is the standard simple-random-sampling adjustment. Here, z is the normal critical value, p is the expected proportion, e is the margin of error, and N is population size.",Confidence level; Margin of error (%); Expected proportion (%); Population size (optional),Primary calculated result and supporting values,"Start with a direct answer describing exactly what the tool calculates. Show the exact implemented formula/algorithm and define every symbol, unit, and transformation. Explain every input: Confidence level, Margin of error (%), Expected proportion (%), Population size (optional). Add a worked example using realistic values that reproduces the calculator result. Explain assumptions, valid input ranges, rounding, edge cases and when results can differ from official/clinical/lender calculations. Add concise FAQs that answer formula, input, result and limitation questions.","No live data required; verify mathematical definition, notation, domain restrictions, rounding and edge cases.",No,Only if formula/definition changes,"This is a planning formula for a simple estimate of one proportion under normal-approximation assumptions. Complex survey designs, clustering, unequal weighting, nonresponse, rare outcomes, subgroup precision, and hypothesis-testing power can require larger or differently calculated samples. The result is not a substitute for a study-specific statistical design.",https://nvlpubs.nist.gov/nistpubs/Legacy/hb/nbshandbook91.pdf | https://www.se.rit.edu/~swen-640/docs/data-integrity-ii/,/sample-size-calculator/index.html
139,14,Slope Calculator,slope-calculator,Math & Statistics,Math / Statistics / Geometry,Calculator,"Calculate slope from two points and view rise, run, line equation, angle, distance, and direction.",Slope Formula: m = (y₂ − y₁) / (x₂ − x₁) The numerator is the rise and the denominator is the run. OpenStax gives this two-point slope formula along with point-slope and related line equations.,x₁; y₁; x₂; y₂,Primary calculated result and supporting values,"Start with a direct answer describing exactly what the tool calculates. Show the exact implemented formula/algorithm and define every symbol, unit, and transformation. Explain every input: x₁, y₁, x₂, y₂. Add a worked example using realistic values that reproduces the calculator result. Explain assumptions, valid input ranges, rounding, edge cases and when results can differ from official/clinical/lender calculations. Add concise FAQs that answer formula, input, result and limitation questions.","No live data required; verify mathematical definition, notation, domain restrictions, rounding and edge cases.",No,Only if formula/definition changes,"If both points are identical, they do not define a unique line. If x₁ = x₂ but y values differ, the line is vertical and its slope is undefined.",https://openstax.org/books/college-algebra-2e/pages/2-key-equations,/slope-calculator/index.html
140,15,Circle Calculator,circle-calculator,Math & Statistics,Math / Statistics / Geometry,Calculator,"Calculate radius, diameter, circumference, and area of a circle from any one known measurement.","Circle Formulas: Diameter d = 2r. Circumference C = 2πr = πd. Area A = πr². If area is known, radius is √(A/π).",Length unit label; Radius (r); Diameter (d); Circumference (C); Area (A),Math.PI,"Start with a direct answer describing exactly what the tool calculates. Show the exact implemented formula/algorithm and define every symbol, unit, and transformation. Explain every input: Length unit label, Radius (r), Diameter (d), Circumference (C), Area (A). Explain outputs: Math.PI. Add a worked example using realistic values that reproduces the calculator result. Explain assumptions, valid input ranges, rounding, edge cases and when results can differ from official/clinical/lender calculations. Add concise FAQs that answer formula, input, result and limitation questions.","No live data required; verify mathematical definition, notation, domain restrictions, rounding and edge cases.",No,Only if formula/definition changes,"The formulas apply to ideal Euclidean circles. The unit selector only labels outputs, so enter the known quantity in the unit you want the length results to use.",https://www.calculator.net/circle-calculator.html | https://openstax.org/books/prealgebra-2e/pages/c-geometric-formulas,/circle-calculator/index.html
141,15,Confidence Interval Calculator,confidence-interval-calculator,Math & Statistics,Math / Statistics / Geometry,Calculator,Calculate a two-sided confidence interval for a mean using a t interval for sample standard deviation or a z interval for known population standard deviation.,"Confidence Interval Formulas: For an unknown population standard deviation, the mean interval is x̄ ± t*·s/√n with n−1 degrees of freedom. If the population standard deviation σ is known, the corresponding normal interval is x̄ ± z*·σ/√n.",Standard deviation type; Sample mean (x̄); Standard deviation; Sample size (n); Confidence level (%),Primary calculated result and supporting values,"Start with a direct answer describing exactly what the tool calculates. Show the exact implemented formula/algorithm and define every symbol, unit, and transformation. Explain every input: Standard deviation type, Sample mean (x̄), Standard deviation, Sample size (n), Confidence level (%). Add a worked example using realistic values that reproduces the calculator result. Explain assumptions, valid input ranges, rounding, edge cases and when results can differ from official/clinical/lender calculations. Add concise FAQs that answer formula, input, result and limitation questions.","No live data required; verify mathematical definition, notation, domain restrictions, rounding and edge cases.",No,Only if formula/definition changes,"The standard one-sample mean t interval assumes independent observations and is derived for data from a normally distributed population, though it becomes more robust in many larger samples. Severe skewness, dependence, biased sampling, or influential outliers can make the interval misleading.",https://www.itl.nist.gov/div898/handbook/eda/section3/eda352.htm | https://www.calculator.net/confidence-interval-calculator.html,/confidence-interval-calculator/index.html
142,15,Distance Calculator,distance-calculator,Math & Statistics,Math / Statistics / Geometry,Calculator,"Calculate distance between two points in 2D, 3D, or between latitude-longitude coordinates using a great-circle spherical model.","2D and 3D Distance Formulas: For 2D points, d = √[(x₂−x₁)² + (y₂−y₁)²]. In 3D, add the z term: d = √[(x₂−x₁)² + (y₂−y₁)² + (z₂−z₁)²].",x₁; y₁; x₂; y₂; z₁; z₂; Latitude 1; Longitude 1; Latitude 2; Longitude 2; Geographic output unit,Primary calculated result and supporting values,"Start with a direct answer describing exactly what the tool calculates. Show the exact implemented formula/algorithm and define every symbol, unit, and transformation. Explain every input: x₁, y₁, x₂, y₂, z₁, z₂, Latitude 1, Longitude 1, Latitude 2, Longitude 2, Geographic output unit. Add a worked example using realistic values that reproduces the calculator result. Explain assumptions, valid input ranges, rounding, edge cases and when results can differ from official/clinical/lender calculations. Add concise FAQs that answer formula, input, result and limitation questions.","No live data required; verify mathematical definition, notation, domain restrictions, rounding and edge cases.",No,Only if formula/definition changes,"The geographic mode models Earth as a sphere, so it is suitable for general distance estimates but is not an ellipsoidal geodesic solution. It also ignores elevation.",https://www.calculator.net/distance-calculator.html | https://docs.rs/geo/latest/geo/algorithm/haversine_distance/trait.HaversineDistance.html,/distance-calculator/index.html
143,15,Mean Median Mode Range Calculator,mean-median-mode-range-calculator,Math & Statistics,Math / Statistics / Geometry,Calculator,"Calculate mean, median, mode, range, minimum, maximum, count, and sum for a list of numbers.","Mean, Median, Mode, and Range Formulas: Mean = Σx/n. To find the median, sort the data; use the middle value for an odd count or average the two middle values for an even count. Mode is the value with the greatest frequency. Range = maximum − minimum.",Numbers,Primary calculated result and supporting values,"Start with a direct answer describing exactly what the tool calculates. Show the exact implemented formula/algorithm and define every symbol, unit, and transformation. Explain every input: Numbers. Add a worked example using realistic values that reproduces the calculator result. Explain assumptions, valid input ranges, rounding, edge cases and when results can differ from official/clinical/lender calculations. Add concise FAQs that answer formula, input, result and limitation questions.","No live data required; verify mathematical definition, notation, domain restrictions, rounding and edge cases.",No,Only if formula/definition changes,These measures summarize a data set but do not describe its full distribution. Two data sets can have the same mean or median and still have very different shapes or variability.,https://www.calculator.net/mean-median-mode-range-calculator.html | https://openstax.org/books/contemporary-mathematics/pages/8-formula-review,/mean-median-mode-range-calculator/index.html
144,15,Permutation & Combination Calculator,permutation-and-combination-calculator,Math & Statistics,Math / Statistics / Geometry,Calculator,Calculate permutations nPr and combinations nCr without replacement for nonnegative integers n and r.,"Permutation and Combination Formulas: Without replacement, P(n,r) = n!/(n−r)! and C(n,r) = n!/[r!(n−r)!]. The factorial n! multiplies all positive integers from n down to 1, with 0! = 1.",Total objects (n); Objects chosen (r),Primary calculated result and supporting values,"Start with a direct answer describing exactly what the tool calculates. Show the exact implemented formula/algorithm and define every symbol, unit, and transformation. Explain every input: Total objects (n), Objects chosen (r). Add a worked example using realistic values that reproduces the calculator result. Explain assumptions, valid input ranges, rounding, edge cases and when results can differ from official/clinical/lender calculations. Add concise FAQs that answer formula, input, result and limitation questions.","No live data required; verify mathematical definition, notation, domain restrictions, rounding and edge cases.",No,Only if formula/definition changes,This calculator uses distinct objects and selection without replacement. Cases with repeated objects or selection with replacement use different formulas.,https://www.calculator.net/permutation-and-combination-calculator.html | https://openstax.org/books/precalculus-2e/pages/11-key-equations,/permutation-and-combination-calculator/index.html
145,15,Probability Calculator,probability-calculator,Math & Statistics,Math / Statistics / Geometry,Calculator,"Calculate the probability of independent events, unions, intersections, complements, exclusive outcomes, and simple favorable-outcome probability.","Probability Formulas: For independent events, P(A ∩ B) = P(A) × P(B). The addition rule is P(A ∪ B) = P(A) + P(B) − P(A ∩ B). For equally likely outcomes, probability equals favorable outcomes divided by total outcomes.","Probability of A, P(A); Probability of B, P(B); Favorable outcomes; Total equally likely outcomes",Primary calculated result and supporting values,"Start with a direct answer describing exactly what the tool calculates. Show the exact implemented formula/algorithm and define every symbol, unit, and transformation. Explain every input: Probability of A, P(A), Probability of B, P(B), Favorable outcomes, Total equally likely outcomes. Add a worked example using realistic values that reproduces the calculator result. Explain assumptions, valid input ranges, rounding, edge cases and when results can differ from official/clinical/lender calculations. Add concise FAQs that answer formula, input, result and limitation questions.","No live data required; verify mathematical definition, notation, domain restrictions, rounding and edge cases.",No,Only if formula/definition changes,"The two-event mode assumes A and B are independent. If one event changes the probability of the other, use conditional probability rather than multiplying P(A) and P(B). The favorable-outcomes mode also assumes all listed outcomes are equally likely.",https://www.calculator.net/probability-calculator.html | https://openstax.org/books/introductory-statistics-2e/pages/3-3-two-basic-rules-of-probability,/probability-calculator/index.html
146,15,Ratio Calculator,ratio-calculator,Math & Statistics,Math / Statistics / Geometry,Calculator,"Solve a proportion A:B = C:D when one value is unknown, and simplify two-number ratios.","Ratio and Proportion Formula: A:B = C:D is equivalent to A/B = C/D, provided B and D are not zero. For a true proportion, the cross products are equal: A × D = B × C.",A; B; C; D (leave one field blank),Primary calculated result and supporting values,"Start with a direct answer describing exactly what the tool calculates. Show the exact implemented formula/algorithm and define every symbol, unit, and transformation. Explain every input: A, B, C, D (leave one field blank). Add a worked example using realistic values that reproduces the calculator result. Explain assumptions, valid input ranges, rounding, edge cases and when results can differ from official/clinical/lender calculations. Add concise FAQs that answer formula, input, result and limitation questions.","No live data required; verify mathematical definition, notation, domain restrictions, rounding and edge cases.",No,Only if formula/definition changes,"The calculator solves one four-term proportion at a time. It does not automatically verify unit compatibility, so make sure corresponding numerators and denominators represent compatible quantities.",https://www.calculator.net/ratio-calculator.html | https://openstax.org/books/prealgebra-2e/pages/6-5-solve-proportions-and-their-applications,/ratio-calculator/index.html
147,15,Statistics Calculator,statistics-calculator,Math & Statistics,Math / Statistics / Geometry,Calculator,"Calculate count, sum, mean, median, mode, range, quartiles, variance, standard deviation, IQR, and coefficient of variation from a data set.","Core Statistics Formulas: The arithmetic mean is Σx/n. Population variance is Σ(x−μ)²/N, while sample variance is Σ(x−x̄)²/(n−1). Standard deviation is the square root of variance. The range is maximum minus minimum, and IQR is Q3 minus Q1.",Data set; Quartile method,Primary calculated result and supporting values,"Start with a direct answer describing exactly what the tool calculates. Show the exact implemented formula/algorithm and define every symbol, unit, and transformation. Explain every input: Data set, Quartile method. Add a worked example using realistic values that reproduces the calculator result. Explain assumptions, valid input ranges, rounding, edge cases and when results can differ from official/clinical/lender calculations. Add concise FAQs that answer formula, input, result and limitation questions.","No live data required; verify mathematical definition, notation, domain restrictions, rounding and edge cases.",No,Only if formula/definition changes,"Descriptive statistics summarize the values entered but do not determine causation, statistical significance, or whether a sample is representative. Outliers can strongly affect the mean, variance, standard deviation, range, and coefficient of variation.",https://www.calculator.net/statistics-calculator.html | https://openstax.org/books/introductory-business-statistics-2e/pages/2-7-measures-of-the-spread-of-the-data | https://www.itl.nist.gov/div898/handbook/eda/section3/eda356.htm,/statistics-calculator/index.html
148,15,Surface Area Calculator,surface-area-calculator,Math & Statistics,Math / Statistics / Geometry,Calculator,"Calculate total surface area for spheres, cones, cubes, cylinders, rectangular prisms, capsules, frustums, and square pyramids.",Common Surface Area Formulas: Sphere: 4πr². Cube: 6a². Closed cylinder: 2πr² + 2πrh. Rectangular prism: 2lw + 2lh + 2wh. Closed cone: πr² + πr√(r²+h²).,Solid shape; Length unit label,Primary calculated result and supporting values,"Start with a direct answer describing exactly what the tool calculates. Show the exact implemented formula/algorithm and define every symbol, unit, and transformation. Explain every input: Solid shape, Length unit label. Add a worked example using realistic values that reproduces the calculator result. Explain assumptions, valid input ranges, rounding, edge cases and when results can differ from official/clinical/lender calculations. Add concise FAQs that answer formula, input, result and limitation questions.","No live data required; verify mathematical definition, notation, domain restrictions, rounding and edge cases.",No,Only if formula/definition changes,Surface area is expressed in square units. The unit menu labels results but does not convert dimensions. Formulas assume ideal geometric solids and positive linear dimensions.,https://www.calculator.net/surface-area-calculator.html | https://openstax.org/books/prealgebra-2e/pages/c-geometric-formulas,/surface-area-calculator/index.html
149,15,Z-Score Calculator,z-score-calculator,Math & Statistics,Math / Statistics / Geometry,Calculator,"Calculate a z-score from a raw value, mean, and standard deviation, plus standard normal lower-tail and upper-tail probabilities.",Z-Score Formula: The population standard-score formula is z = (x − μ)/σ. Subtract the mean from the observation and divide the difference by the population standard deviation.,Raw value (x); Mean (μ); Standard deviation (σ),Primary calculated result and supporting values,"Start with a direct answer describing exactly what the tool calculates. Show the exact implemented formula/algorithm and define every symbol, unit, and transformation. Explain every input: Raw value (x), Mean (μ), Standard deviation (σ). Add a worked example using realistic values that reproduces the calculator result. Explain assumptions, valid input ranges, rounding, edge cases and when results can differ from official/clinical/lender calculations. Add concise FAQs that answer formula, input, result and limitation questions.","No live data required; verify mathematical definition, notation, domain restrictions, rounding and edge cases.",No,Only if formula/definition changes,A z-score itself is a standardization and can be calculated for any numeric value with a nonzero standard deviation. Interpreting the displayed probabilities as model probabilities assumes the standardized variable follows a normal distribution.,https://www.calculator.net/z-score-calculator.html | https://openstax.org/books/contemporary-mathematics/pages/8-formula-review,/z-score-calculator/index.html
150,16,Big Number Calculator,big-number-calculator,Math & Statistics,Math / Statistics / Geometry,Calculator,"Perform exact integer arithmetic with very large whole numbers. Free, fast and responsive big number calculator with formulas, examples and clear results.","Big Number Formula and Method: Exact integer arithmetic This calculator uses JavaScript BigInt for exact whole-number addition, subtraction, multiplication, integer division and remainder.",Integer A 123456789012345678901234567890; Integer B 98765432109876543210; Operation Add Subtract Multiply Integer divide Remainder,Primary calculated result and supporting values,"Start with a direct answer describing exactly what the tool calculates. Show the exact implemented formula/algorithm and define every symbol, unit, and transformation. Explain every input: Integer A 123456789012345678901234567890, Integer B 98765432109876543210, Operation Add Subtract Multiply Integer divide Remainder. Add a worked example using realistic values that reproduces the calculator result. Explain assumptions, valid input ranges, rounding, edge cases and when results can differ from official/clinical/lender calculations. Add concise FAQs that answer formula, input, result and limitation questions.","No live data required; verify mathematical definition, notation, domain restrictions, rounding and edge cases.",No,Only if formula/definition changes,"This tool is intended for mathematical calculation, not symbolic proof. Floating-point operations can have tiny representation differences, while the Big Number calculator is restricted to integer arithmetic.",Source names may be present in page text; no external URL embedded.,/big-number-calculator/index.html
151,16,Factor Calculator,factor-calculator,Math & Statistics,Math / Statistics / Geometry,Calculator,"Find positive factors and prime factorization of an integer. Free, fast and responsive factor calculator with formulas, examples and clear results.",Factor Formula and Method: n = p₁^a × p₂^b × … Factors divide an integer exactly; prime factorization expresses an integer as a product of prime powers.,Positive integer,Primary calculated result and supporting values,"Start with a direct answer describing exactly what the tool calculates. Show the exact implemented formula/algorithm and define every symbol, unit, and transformation. Explain every input: Positive integer. Add a worked example using realistic values that reproduces the calculator result. Explain assumptions, valid input ranges, rounding, edge cases and when results can differ from official/clinical/lender calculations. Add concise FAQs that answer formula, input, result and limitation questions.","No live data required; verify mathematical definition, notation, domain restrictions, rounding and edge cases.",No,Only if formula/definition changes,"This tool is intended for mathematical calculation, not symbolic proof. Floating-point operations can have tiny representation differences, while the Big Number calculator is restricted to integer arithmetic.",Source names may be present in page text; no external URL embedded.,/factor-calculator/index.html
152,16,GCF Calculator,gcf-calculator,Math & Statistics,Math / Statistics / Geometry,Calculator,"Find the greatest common factor of two or more integers. Free, fast and responsive gcf calculator with formulas, examples and clear results.","GCF Formula and Method: Euclidean algorithm: gcd(a,b) = gcd(b, a mod b) The greatest common factor is the largest positive integer that divides every input without a remainder.",Integers (comma separated),Primary calculated result and supporting values,"Start with a direct answer describing exactly what the tool calculates. Show the exact implemented formula/algorithm and define every symbol, unit, and transformation. Explain every input: Integers (comma separated). Add a worked example using realistic values that reproduces the calculator result. Explain assumptions, valid input ranges, rounding, edge cases and when results can differ from official/clinical/lender calculations. Add concise FAQs that answer formula, input, result and limitation questions.","No live data required; verify mathematical definition, notation, domain restrictions, rounding and edge cases.",No,Only if formula/definition changes,"This tool is intended for mathematical calculation, not symbolic proof. Floating-point operations can have tiny representation differences, while the Big Number calculator is restricted to integer arithmetic.",Source names may be present in page text; no external URL embedded.,/gcf-calculator/index.html
153,16,LCM Calculator,lcm-calculator,Math & Statistics,Math / Statistics / Geometry,Calculator,"Find the least common multiple of two or more integers. Free, fast and responsive lcm calculator with formulas, examples and clear results.","LCM Formula and Method: LCM(a,b) = |ab| / GCF(a,b) The least common multiple is the smallest positive integer divisible by each nonzero input.",Integers (comma separated),Primary calculated result and supporting values,"Start with a direct answer describing exactly what the tool calculates. Show the exact implemented formula/algorithm and define every symbol, unit, and transformation. Explain every input: Integers (comma separated). Add a worked example using realistic values that reproduces the calculator result. Explain assumptions, valid input ranges, rounding, edge cases and when results can differ from official/clinical/lender calculations. Add concise FAQs that answer formula, input, result and limitation questions.","No live data required; verify mathematical definition, notation, domain restrictions, rounding and edge cases.",No,Only if formula/definition changes,"This tool is intended for mathematical calculation, not symbolic proof. Floating-point operations can have tiny representation differences, while the Big Number calculator is restricted to integer arithmetic.",Source names may be present in page text; no external URL embedded.,/lcm-calculator/index.html
154,16,Matrix Calculator,matrix-calculator,Math & Statistics,Math / Statistics / Geometry,Calculator,"Add, subtract and multiply matrices with a compact matrix workspace. Free, fast and responsive matrix calculator with formulas, examples and clear results.",Matrix Formula and Method: (AB)ᵢⱼ = Σ AᵢₖBₖⱼ Matrix addition and subtraction require equal dimensions. Multiplication requires columns of A to equal rows of B.,"Matrix A (rows with ;, values with commas) 1,2;3,4; Matrix B 5,6;7,8; Operation A + B A − B A × B",Primary calculated result and supporting values,"Start with a direct answer describing exactly what the tool calculates. Show the exact implemented formula/algorithm and define every symbol, unit, and transformation. Explain every input: Matrix A (rows with ;, values with commas) 1,2;3,4, Matrix B 5,6;7,8, Operation A + B A − B A × B. Add a worked example using realistic values that reproduces the calculator result. Explain assumptions, valid input ranges, rounding, edge cases and when results can differ from official/clinical/lender calculations. Add concise FAQs that answer formula, input, result and limitation questions.","No live data required; verify mathematical definition, notation, domain restrictions, rounding and edge cases.",No,Only if formula/definition changes,"This tool is intended for mathematical calculation, not symbolic proof. Floating-point operations can have tiny representation differences, while the Big Number calculator is restricted to integer arithmetic.",Source names may be present in page text; no external URL embedded.,/matrix-calculator/index.html
155,16,Pythagorean Theorem Calculator,pythagorean-theorem-calculator,Math & Statistics,Math / Statistics / Geometry,Calculator,"Find a missing side of a right triangle using a² + b² = c². Free, fast and responsive pythagorean theorem calculator with formulas, examples and clear results.","Pythagorean Theorem Formula and Method: a² + b² = c² For a right triangle, the square of the hypotenuse equals the sum of the squares of the two legs. If a=3 and b=4, c=5.",Known side a; Known side b; Find Hypotenuse c Leg b (a and c),Primary calculated result and supporting values,"Start with a direct answer describing exactly what the tool calculates. Show the exact implemented formula/algorithm and define every symbol, unit, and transformation. Explain every input: Known side a, Known side b, Find Hypotenuse c Leg b (a and c). Add a worked example using realistic values that reproduces the calculator result. Explain assumptions, valid input ranges, rounding, edge cases and when results can differ from official/clinical/lender calculations. Add concise FAQs that answer formula, input, result and limitation questions.","No live data required; verify mathematical definition, notation, domain restrictions, rounding and edge cases.",No,Only if formula/definition changes,"This tool is intended for mathematical calculation, not symbolic proof. Floating-point operations can have tiny representation differences, while the Big Number calculator is restricted to integer arithmetic.",Source names may be present in page text; no external URL embedded.,/pythagorean-theorem-calculator/index.html
156,16,Right Triangle Calculator,right-triangle-calculator,Math & Statistics,Math / Statistics / Geometry,Calculator,"Calculate sides, angles, area and perimeter of a right triangle. Free, fast and responsive right triangle calculator with formulas, examples and clear results.","Right Triangle Formula and Method: c = √(a² + b²) Two perpendicular legs determine the hypotenuse, acute angles, area and perimeter of a right triangle.",Leg a; Leg b,Primary calculated result and supporting values,"Start with a direct answer describing exactly what the tool calculates. Show the exact implemented formula/algorithm and define every symbol, unit, and transformation. Explain every input: Leg a, Leg b. Add a worked example using realistic values that reproduces the calculator result. Explain assumptions, valid input ranges, rounding, edge cases and when results can differ from official/clinical/lender calculations. Add concise FAQs that answer formula, input, result and limitation questions.","No live data required; verify mathematical definition, notation, domain restrictions, rounding and edge cases.",No,Only if formula/definition changes,"This tool is intended for mathematical calculation, not symbolic proof. Floating-point operations can have tiny representation differences, while the Big Number calculator is restricted to integer arithmetic.",Source names may be present in page text; no external URL embedded.,/right-triangle-calculator/index.html
157,16,Root Calculator,root-calculator,Math & Statistics,Math / Statistics / Geometry,Calculator,"Calculate square roots, cube roots and nth roots. Free, fast and responsive root calculator with formulas, examples and clear results.",Root Formula and Method: ⁿ√x = x^(1/n) An nth root is a value that produces x when raised to the nth power. Even roots of negative real numbers are not real.,Number; Root index n,Primary calculated result and supporting values,"Start with a direct answer describing exactly what the tool calculates. Show the exact implemented formula/algorithm and define every symbol, unit, and transformation. Explain every input: Number, Root index n. Add a worked example using realistic values that reproduces the calculator result. Explain assumptions, valid input ranges, rounding, edge cases and when results can differ from official/clinical/lender calculations. Add concise FAQs that answer formula, input, result and limitation questions.","No live data required; verify mathematical definition, notation, domain restrictions, rounding and edge cases.",No,Only if formula/definition changes,"This tool is intended for mathematical calculation, not symbolic proof. Floating-point operations can have tiny representation differences, while the Big Number calculator is restricted to integer arithmetic.",Source names may be present in page text; no external URL embedded.,/root-calculator/index.html
158,16,Rounding Calculator,rounding-calculator,Math & Statistics,Math / Statistics / Geometry,Calculator,"Round a number to decimal places or common place values. Free, fast and responsive rounding calculator with formulas, examples and clear results.","Rounding Formula and Method: round(x × 10^p) / 10^p Rounding replaces a number with a nearby value at a selected precision. Negative places round to tens, hundreds and beyond.",Number; Decimal places,Primary calculated result and supporting values,"Start with a direct answer describing exactly what the tool calculates. Show the exact implemented formula/algorithm and define every symbol, unit, and transformation. Explain every input: Number, Decimal places. Add a worked example using realistic values that reproduces the calculator result. Explain assumptions, valid input ranges, rounding, edge cases and when results can differ from official/clinical/lender calculations. Add concise FAQs that answer formula, input, result and limitation questions.","No live data required; verify mathematical definition, notation, domain restrictions, rounding and edge cases.",No,Only if formula/definition changes,"This tool is intended for mathematical calculation, not symbolic proof. Floating-point operations can have tiny representation differences, while the Big Number calculator is restricted to integer arithmetic.",Source names may be present in page text; no external URL embedded.,/rounding-calculator/index.html
159,16,Scientific Notation Calculator,scientific-notation-calculator,Math & Statistics,Math / Statistics / Geometry,Calculator,"Convert ordinary numbers to scientific notation and back. Free, fast and responsive scientific notation calculator with formulas, examples and clear results.","Scientific Notation Formula and Method: a × 10^n, where 1 ≤ |a| < 10 Scientific notation represents very large or small values using a coefficient and an integer power of ten.",Number or scientific notation,Primary calculated result and supporting values,"Start with a direct answer describing exactly what the tool calculates. Show the exact implemented formula/algorithm and define every symbol, unit, and transformation. Explain every input: Number or scientific notation. Add a worked example using realistic values that reproduces the calculator result. Explain assumptions, valid input ranges, rounding, edge cases and when results can differ from official/clinical/lender calculations. Add concise FAQs that answer formula, input, result and limitation questions.","No live data required; verify mathematical definition, notation, domain restrictions, rounding and edge cases.",No,Only if formula/definition changes,"This tool is intended for mathematical calculation, not symbolic proof. Floating-point operations can have tiny representation differences, while the Big Number calculator is restricted to integer arithmetic.",Source names may be present in page text; no external URL embedded.,/scientific-notation-calculator/index.html
160,17,BTU Calculator,btu-calculator,Engineering & Construction,Engineering / Construction,Calculator,Estimate room air-conditioner cooling capacity in BTU per hour using ENERGY STAR room-size guidance and common room adjustments.,"How the Estimate Works: The calculator first maps room square footage to a base cooling capacity. For example, ENERGY STAR lists 350–400 ft² at 9,000 BTU/h and 400–450 ft² at 10,000 BTU/h. The final recommendation is then adjusted for room conditions. Heavy shade: −10% Very sunny: +10% More than 2 occupants: +600 BTU/h per extra person Kitchen: +4,000 BTU/h",Room area (ft²); Sun exposure; People regularly in room; Room use,Primary calculated result and supporting values,"Start with a direct answer describing exactly what the tool calculates. Show the exact implemented formula/algorithm and define every symbol, unit, and transformation. Explain every input: Room area (ft²), Sun exposure, People regularly in room, Room use. Add a worked example using realistic values that reproduces the calculator result. Explain assumptions, valid input ranges, rounding, edge cases and when results can differ from official/clinical/lender calculations. Add concise FAQs that answer formula, input, result and limitation questions. Date-stamp all time-sensitive data and cite the authoritative current source.","Exact engineering/geometry formula, units, standards; document any default density, waste factor, safety factor or material assumption.",Conditional,When standards/default factors change,"This is a room A/C sizing estimate, not a Manual J HVAC load calculation. Ceiling height, building envelope, windows, air leakage, climate, equipment efficiency, duct losses, and whole-home system design can materially change the correct capacity. For central HVAC sizing, use a qualified professional.",https://www.energystar.gov/products/room_air_conditioners | https://www.eia.gov/energyexplained/units-and-calculators/british-thermal-units.php | https://www.calculator.net/btu-calculator.html,/btu-calculator/index.html
161,17,Fuel Cost Calculator,fuel-cost-calculator,Engineering & Construction,Engineering / Construction,Calculator,"Estimate trip fuel use and fuel cost from distance, fuel efficiency, and gas or diesel price.","Fuel Cost Formula: Fuel used = Distance ÷ Fuel economy Fuel cost = Fuel used × Fuel price For MPG, distance and fuel economy must use compatible mile/gallon units. For L/100 km, liters used equal distance in kilometers × L/100 km ÷ 100.",Trip distance; Fuel efficiency; Fuel price; Price unit; Calculate a round trip,Primary calculated result and supporting values,"Start with a direct answer describing exactly what the tool calculates. Show the exact implemented formula/algorithm and define every symbol, unit, and transformation. Explain every input: Trip distance, Fuel efficiency, Fuel price, Price unit, Calculate a round trip. Add a worked example using realistic values that reproduces the calculator result. Explain assumptions, valid input ranges, rounding, edge cases and when results can differ from official/clinical/lender calculations. Add concise FAQs that answer formula, input, result and limitation questions. Date-stamp all time-sensitive data and cite the authoritative current source.","Exact engineering/geometry formula, units, standards; document any default density, waste factor, safety factor or material assumption.",Conditional,When standards/default factors change,"The calculator assumes the entered fuel economy is representative of the trip. It does not include tolls, parking, maintenance, depreciation, insurance, charging costs for plug-in vehicles, or currency conversion.",https://www.calculator.net/fuel-cost-calculator.html | https://www.fueleconomy.gov/,/fuel-cost-calculator/index.html
162,17,Gas Mileage Calculator,gas-mileage-calculator,Date & Time,Date / Time,Calculator,"Calculate MPG or L/100 km from odometer readings and fuel added at your latest fill-up, with optional fuel cost per distance.",Gas Mileage Formula: Distance = Current odometer − Previous odometer MPG = Miles traveled ÷ US gallons used L/100 km = Liters used ÷ Kilometers traveled × 100,Current odometer; Previous odometer; Fuel added (US gal); Fuel price per gallon (optional),Primary calculated result and supporting values,"Start with a direct answer describing exactly what the tool calculates. Show the exact implemented formula/algorithm and define every symbol, unit, and transformation. Explain every input: Current odometer, Previous odometer, Fuel added (US gal), Fuel price per gallon (optional). Add a worked example using realistic values that reproduces the calculator result. Explain assumptions, valid input ranges, rounding, edge cases and when results can differ from official/clinical/lender calculations. Add concise FAQs that answer formula, input, result and limitation questions. Date-stamp all time-sensitive data and cite the authoritative current source.",Calendar convention and date arithmetic rules; time-zone functions require current IANA/browser data.,Conditional,When calendar/time-zone rules change,"Tank-to-tank MPG is an observed estimate, not a laboratory certification value. Odometer error, incomplete refills, fuel-pump variation, tire size, idling, and changing driving conditions can affect the result.",https://www.calculator.net/gas-mileage-calculator.html | https://www.fueleconomy.gov/,/gas-mileage-calculator/index.html
163,17,GDP Calculator,gdp-calculator,Finance,Finance / Tax / Investment,Calculator,Calculate gross domestic product using the expenditure approach: consumption + investment + government spending + exports − imports.,"GDP Formula: GDP = C + I + G + X − M C represents consumption; I represents investment; G represents government consumption and investment; X is exports; and M is imports. Exports add domestically produced output sold abroad, while imports are subtracted so foreign-produced output is not counted as domestic production.",Consumption (C); Investment (I); Government spending (G); Exports (X); Imports (M); Display unit,Primary calculated result and supporting values,"Start with a direct answer describing exactly what the tool calculates. Show the exact implemented formula/algorithm and define every symbol, unit, and transformation. Explain every input: Consumption (C), Investment (I), Government spending (G), Exports (X), Imports (M), Display unit. Add a worked example using realistic values that reproduces the calculator result. Explain assumptions, valid input ranges, rounding, edge cases and when results can differ from official/clinical/lender calculations. Add concise FAQs that answer formula, input, result and limitation questions. Date-stamp all time-sensitive data and cite the authoritative current source.","Stable formula plus current official data for any quoted legal/tax/plan thresholds, eligibility rules, benchmark assumptions or fees.",Conditional,When product/rule assumptions change,"National accounts involve detailed definitions, source data, seasonal adjustment, revisions, statistical discrepancies, and chain-type quantity measures that a simple calculator cannot reproduce. Use official statistical releases for reported GDP.",https://www.bea.gov/index.php/news/blog/2025-06-03/expenditures-approach-measuring-gdp | https://www.bea.gov/help/glossary/gross-domestic-product-gdp | https://www.calculator.net/gdp-calculator.html,/gdp-calculator/index.html
164,17,Horsepower Calculator,horsepower-calculator,Engineering & Construction,Engineering / Construction,Calculator,"Calculate mechanical horsepower from torque and RPM, or convert between hp, kilowatts, watts, and metric horsepower.",Torque and RPM Horsepower Formula: hp = Torque (lb·ft) × RPM ÷ 5252.113 The constant comes from the mechanical-horsepower definition of 550 foot-pound-force per second combined with one revolution equaling 2π radians.,Torque (lb·ft); Engine speed (RPM); Amount; From,Primary calculated result and supporting values,"Start with a direct answer describing exactly what the tool calculates. Show the exact implemented formula/algorithm and define every symbol, unit, and transformation. Explain every input: Torque (lb·ft), Engine speed (RPM), Amount, From. Add a worked example using realistic values that reproduces the calculator result. Explain assumptions, valid input ranges, rounding, edge cases and when results can differ from official/clinical/lender calculations. Add concise FAQs that answer formula, input, result and limitation questions. Date-stamp all time-sensitive data and cite the authoritative current source.","Exact engineering/geometry formula, units, standards; document any default density, waste factor, safety factor or material assumption.",Conditional,When standards/default factors change,"Torque-based power is only as accurate as the torque and RPM measurement. Engine dynamometer, chassis dynamometer, correction method, drivetrain loss, atmospheric conditions, and whether the figure is gross, net, crank, or wheel horsepower can change reported values.",https://www.nist.gov/pml/special-publication-811/nist-guide-si-appendix-b-conversion-factors/nist-guide-si-appendix-b9 | https://www.calculator.net/horsepower-calculator.html,/horsepower-calculator/index.html
165,17,Love Calculator,love-calculator,Other Tools,Other Tools,Calculator,"Generate a repeatable, just-for-fun name match percentage with a transparent entertainment-only method.",Entertainment-only deterministic score from normalized names using a repeatable hash/modulo method. No scientific relationship formula is claimed.,First name; Second name,Primary calculated result and supporting values,"Start with a direct answer describing exactly what the tool calculates. Show the exact implemented formula/algorithm and define every symbol, unit, and transformation. Explain every input: First name, Second name. Add a worked example using realistic values that reproduces the calculator result. Explain assumptions, valid input ranges, rounding, edge cases and when results can differ from official/clinical/lender calculations. Add concise FAQs that answer formula, input, result and limitation questions.","No live data required; verify mathematical definition, notation, domain restrictions, rounding and edge cases.",No,Only if formula/definition changes,"Every percentage is an arbitrary output of the chosen entertainment algorithm. It should never be used to judge a person, end or start a relationship, or make a high-stakes personal decision.",https://www.calculator.net/love-calculator.html,/love-calculator/index.html
166,17,Square Footage Calculator,square-footage-calculator,Date & Time,Engineering / Construction,Calculator,"Calculate square footage for rectangles, triangles, and circles, with square-meter conversion and optional cost per square foot.","Square Footage Formulas: Rectangle: A = length × width Triangle: A = base × height ÷ 2 Circle: A = π × (diameter ÷ 2)² Convert dimensions to the same linear unit before applying an area formula. The calculator converts input feet, inches, or meters to feet internally, then reports square feet.",Length; Width; Quantity; Price per ft² (optional),Primary calculated result and supporting values,"Start with a direct answer describing exactly what the tool calculates. Show the exact implemented formula/algorithm and define every symbol, unit, and transformation. Explain every input: Length, Width, Quantity, Price per ft² (optional). Add a worked example using realistic values that reproduces the calculator result. Explain assumptions, valid input ranges, rounding, edge cases and when results can differ from official/clinical/lender calculations. Add concise FAQs that answer formula, input, result and limitation questions. Date-stamp all time-sensitive data and cite the authoritative current source.","Exact engineering/geometry formula, units, standards; document any default density, waste factor, safety factor or material assumption.",Conditional,When standards/default factors change,"Real construction projects usually need a waste allowance for cuts, breakage, pattern matching, and offcuts. This calculator gives geometric area only unless you intentionally increase the quantity or material order.",https://www.nist.gov/document/2025-nist-handbook-133-appendix-e | https://www.energystar.gov/products/room_air_conditioners | https://www.calculator.net/square-footage-calculator.html,/square-footage-calculator/index.html
167,17,Time Card Calculator,time-card-calculator,Date & Time,Date / Time,Calculator,"Total weekly work hours, unpaid breaks, configurable overtime, and estimated gross pay from a simple seven-day time card.","How Work Hours Are Calculated: Daily hours = End time − Start time − Unpaid break Weekly hours = Sum of daily hours Overtime = max(0, weekly hours − threshold) If an end time is earlier than its start time, the calculator treats the shift as crossing midnight into the next day.",Start; End; Break (min); Hourly rate; Weekly overtime after; Overtime multiplier,Primary calculated result and supporting values,"Start with a direct answer describing exactly what the tool calculates. Show the exact implemented formula/algorithm and define every symbol, unit, and transformation. Explain every input: Start, End, Break (min), Hourly rate, Weekly overtime after, Overtime multiplier. Add a worked example using realistic values that reproduces the calculator result. Explain assumptions, valid input ranges, rounding, edge cases and when results can differ from official/clinical/lender calculations. Add concise FAQs that answer formula, input, result and limitation questions. Date-stamp all time-sensitive data and cite the authoritative current source.",Calendar convention and date arithmetic rules; time-zone functions require current IANA/browser data.,Conditional,When calendar/time-zone rules change,"This page does not decide whether time is legally compensable, whether a worker is exempt, how rounding must be handled, or which local labor law applies. It also does not include taxes, benefits, bonuses, shift differentials, or other payroll items.",https://www.dol.gov/agencies/whd/fact-sheets/23-flsa-overtime-pay | https://www.calculator.net/time-card-calculator.html,/time-card-calculator/index.html
168,17,Time Zone Calculator,time-zone-calculator,Date & Time,Date / Time,Calculator,Convert a date and time between major IANA time zones with browser-supported daylight-saving rules.,"Resolve source local wall-clock date/time in the selected IANA zone to a UTC instant, then format that same instant in the destination IANA zone. DST/historical offsets come from the browser/OS time-zone database.",Date; Local time; From time zone; To time zone,Primary calculated result and supporting values,"Start with a direct answer describing exactly what the tool calculates. Show the exact implemented formula/algorithm and define every symbol, unit, and transformation. Explain every input: Date, Local time, From time zone, To time zone. Add a worked example using realistic values that reproduces the calculator result. Explain assumptions, valid input ranges, rounding, edge cases and when results can differ from official/clinical/lender calculations. Add concise FAQs that answer formula, input, result and limitation questions. Date-stamp all time-sensitive data and cite the authoritative current source.",Current IANA time-zone database/DST rules for future dates.,Yes,When IANA/browser time-zone rules change,"Future time-zone law can change. The calculator depends on the time-zone data shipped with the user's browser or operating system. Ambiguous or nonexistent local times around DST clock changes can also require special care; for critical scheduling, confirm with an up-to-date official source.",https://www.iana.org/time-zones/tz-link | https://www.calculator.net/time-zone-calculator.html,/time-zone-calculator/index.html
169,17,Voltage Drop Calculator,voltage-drop-calculator,Engineering & Construction,Engineering / Construction,Calculator,"Estimate conductor voltage drop, percentage drop, and load voltage for DC, single-phase, or three-phase circuits.","Voltage Drop Formula: DC / 1φ: Vdrop = 2 × I × R × L 3φ: Vdrop = √3 × I × R × L Percent drop = Vdrop ÷ Vsystem × 100 Here, I is current in amperes, R is conductor resistance per unit length, and L is one-way conductor length. The factor 2 represents the outgoing and return path for DC or single-phase resistance-only calculations.",Circuit type; System voltage (V); Load current (A); One-way conductor length; Conductor; Wire size (AWG),Primary calculated result and supporting values,"Start with a direct answer describing exactly what the tool calculates. Show the exact implemented formula/algorithm and define every symbol, unit, and transformation. Explain every input: Circuit type, System voltage (V), Load current (A), One-way conductor length, Conductor, Wire size (AWG). Add a worked example using realistic values that reproduces the calculator result. Explain assumptions, valid input ranges, rounding, edge cases and when results can differ from official/clinical/lender calculations. Add concise FAQs that answer formula, input, result and limitation questions. Date-stamp all time-sensitive data and cite the authoritative current source.","Exact engineering/geometry formula, units, standards; document any default density, waste factor, safety factor or material assumption.",Conditional,When standards/default factors change,"This version is a resistance-only estimate and does not model power factor or conductor reactance. It also does not verify ampacity, overcurrent protection, short-circuit duty, grounding, or compliance with local electrical codes. Use a qualified electrical professional for safety-critical design.",https://www.calculator.net/voltage-drop-calculator.html | https://www.nist.gov/pml/owm/si-units-electric-current,/voltage-drop-calculator/index.html
170,18,Density Calculator,density-calculator,Engineering & Construction,Conversion / Science / Web,Calculator,"Calculate density, mass, or volume from any two known values with common metric and imperial unit conversions.","Density Formula: ρ = m / V m = ρV V = m / ρ The calculator converts all inputs to kilograms, cubic meters, and kg/m³ internally, solves the missing quantity, then displays practical units.",Density ρ; Mass m; Volume V,Density; Mass; Volume,"Start with a direct answer describing exactly what the tool calculates. Show the exact implemented formula/algorithm and define every symbol, unit, and transformation. Explain every input: Density ρ, Mass m, Volume V. Explain outputs: Density, Mass, Volume. Add a worked example using realistic values that reproduces the calculator result. Explain assumptions, valid input ranges, rounding, edge cases and when results can differ from official/clinical/lender calculations. Add concise FAQs that answer formula, input, result and limitation questions. Date-stamp all time-sensitive data and cite the authoritative current source.","Exact conversion constants/protocol/standard definitions, units and edge cases; cite primary standards where practical.",Conditional,When standards/constants change,"This calculator assumes uniform bulk density and does not model uncertainty, porosity, temperature expansion, pressure effects, mixtures, or phase changes. Use condition-specific material data for engineering work.",https://www.nist.gov/pml/special-publication-811/nist-guide-si-chapter-8 | https://www.calculator.net/density-calculator.html,/density-calculator/index.html
171,18,Electricity Calculator,electricity-calculator,Engineering & Construction,Engineering / Construction,Calculator,"Estimate appliance electricity use in kWh and daily, monthly, and yearly energy cost from power, time, quantity, and rate.","Electricity Usage Formula: Power (kW) = Watts ÷ 1000 Daily kWh = Power(kW) × Quantity × Hours/day Monthly kWh = Daily kWh × Days/month Energy Cost = kWh × Rate per kWh The U.S. Energy Information Administration defines one kilowatt as 1,000 watts and one kilowatt-hour as one kilowatt of power used for one hour.",Appliance power; Power unit; Quantity; Hours used per day; Days used per month; Electricity rate per kWh; Currency; Year model,Daily energy; Monthly energy; Yearly energy; Daily cost; Yearly cost; Load,"Start with a direct answer describing exactly what the tool calculates. Show the exact implemented formula/algorithm and define every symbol, unit, and transformation. Explain every input: Appliance power, Power unit, Quantity, Hours used per day, Days used per month, Electricity rate per kWh, Currency, Year model. Explain outputs: Daily energy, Monthly energy, Yearly energy, Daily cost, Yearly cost, Load. Add a worked example using realistic values that reproduces the calculator result. Explain assumptions, valid input ranges, rounding, edge cases and when results can differ from official/clinical/lender calculations. Add concise FAQs that answer formula, input, result and limitation questions. Date-stamp all time-sensitive data and cite the authoritative current source.","Exact engineering/geometry formula, units, standards; document any default density, waste factor, safety factor or material assumption.",Conditional,When standards/default factors change,"This tool uses a single flat energy rate. It does not model taxes, fixed service charges, demand charges, minimum bills, time-of-use rates, tiered rates, power factor, or appliance duty cycle unless you reflect those effects in the entered average usage.",https://www.eia.gov/energyexplained/electricity/measuring-electricity.php | https://www.calculator.net/electricity-calculator.html,/electricity-calculator/index.html
172,18,Engine Horsepower Calculator,engine-horsepower-calculator,Engineering & Construction,Engineering / Construction,Calculator,Estimate engine horsepower from quarter-mile elapsed time or trap speed with weight and speed unit conversion.,"Engine Horsepower Formulas: ET method: HP = Weight(lb) / (ET / 5.825)³ Trap-speed method: HP = Weight(lb) × (Speed(mph) / 234)³ Weight should include the vehicle, driver, passengers, fuel, and meaningful cargo. Metric inputs are converted internally before the empirical formulas are applied.",Vehicle weight; Weight unit; Quarter-mile elapsed time (seconds); Trap speed; Speed unit,Kilowatts; Race weight; ET; Trap speed; Method,"Start with a direct answer describing exactly what the tool calculates. Show the exact implemented formula/algorithm and define every symbol, unit, and transformation. Explain every input: Vehicle weight, Weight unit, Quarter-mile elapsed time (seconds), Trap speed, Speed unit. Explain outputs: Kilowatts, Race weight, ET, Trap speed, Method. Add a worked example using realistic values that reproduces the calculator result. Explain assumptions, valid input ranges, rounding, edge cases and when results can differ from official/clinical/lender calculations. Add concise FAQs that answer formula, input, result and limitation questions. Date-stamp all time-sensitive data and cite the authoritative current source.","Exact engineering/geometry formula, units, standards; document any default density, waste factor, safety factor or material assumption.",Conditional,When standards/default factors change,"These empirical formulas do not isolate drivetrain losses, aerodynamic drag, tire slip, wind, road grade, launch quality, or atmospheric correction. Never perform high-speed testing on public roads.",https://www.calculator.net/engine-horsepower-calculator.html | https://www.nist.gov/pml/special-publication-811/nist-guide-si-appendix-b-conversion-factors/nist-guide-si-appendix-b8,/engine-horsepower-calculator/index.html
173,18,Mass Calculator,mass-calculator,Engineering & Construction,Conversion / Science / Web,Calculator,Calculate mass from density and volume with metric and imperial unit conversion and multiple mass outputs.,Mass Formula: Mass = Density × Volume m = ρV The calculator converts density to kg/m³ and volume to m³ before multiplication. This keeps the unit arithmetic consistent and produces the base result in kilograms.,Density; Density unit; Volume; Volume unit,Grams; Pounds; Ounces; Metric tonnes; Volume; Density,"Start with a direct answer describing exactly what the tool calculates. Show the exact implemented formula/algorithm and define every symbol, unit, and transformation. Explain every input: Density, Density unit, Volume, Volume unit. Explain outputs: Grams, Pounds, Ounces, Metric tonnes, Volume, Density. Add a worked example using realistic values that reproduces the calculator result. Explain assumptions, valid input ranges, rounding, edge cases and when results can differ from official/clinical/lender calculations. Add concise FAQs that answer formula, input, result and limitation questions. Date-stamp all time-sensitive data and cite the authoritative current source.","Exact conversion constants/protocol/standard definitions, units and edge cases; cite primary standards where practical.",Conditional,When standards/constants change,"The result is only as accurate as the entered density and volume. Real materials may have voids, moisture, coatings, mixed composition, or temperature-dependent density, and manufactured dimensions may have tolerances.",https://www.nist.gov/pml/special-publication-811/nist-guide-si-chapter-8 | https://www.calculator.net/mass-calculator.html,/mass-calculator/index.html
174,18,Mileage Calculator,mileage-calculator,Date & Time,Date / Time,Calculator,"Calculate trip mileage from odometer readings and estimate driving time, fuel use, and fuel cost in miles or kilometers.",Mileage and Trip Formulas: Distance = Ending Odometer − Starting Odometer Time = Distance ÷ Average Speed Fuel (mpg) = Miles ÷ mpg Fuel (L/100 km) = km × (L/100 km) ÷ 100 Fuel Cost = Fuel × Price,Starting odometer; Ending odometer; Distance unit; Average speed; Fuel economy; Fuel economy format; Fuel price per gallon/liter,Primary calculated result and supporting values,"Start with a direct answer describing exactly what the tool calculates. Show the exact implemented formula/algorithm and define every symbol, unit, and transformation. Explain every input: Starting odometer, Ending odometer, Distance unit, Average speed, Fuel economy, Fuel economy format, Fuel price per gallon/liter. Add a worked example using realistic values that reproduces the calculator result. Explain assumptions, valid input ranges, rounding, edge cases and when results can differ from official/clinical/lender calculations. Add concise FAQs that answer formula, input, result and limitation questions. Date-stamp all time-sensitive data and cite the authoritative current source.",Calendar convention and date arithmetic rules; time-zone functions require current IANA/browser data.,Conditional,When calendar/time-zone rules change,"Actual travel time depends on traffic, stops, weather, and road conditions. Fuel economy varies with speed, load, terrain, tires, temperature, and driving behavior. Odometers and vehicle fuel estimates also have measurement error.",https://www.calculator.net/mileage-calculator.html | https://www.calculator.net/gas-mileage-calculator.html,/mileage-calculator/index.html
175,18,Ohm’s Law Calculator,ohms-law-calculator,Engineering & Construction,Engineering / Construction,Calculator,"Solve voltage, current, resistance, and electrical power from any two known values using Ohm’s law and power formulas.","Ohm’s Law Formulas: V = I × R I = V ÷ R R = V ÷ I P = V × I = I²R = V²/R The calculator converts millivolts, volts, kilovolts, milliamps, amps, ohms, kilo-ohms, mega-ohms, milliwatts, watts, and kilowatts to base units before solving.",Voltage; Current; Resistance; Power,Voltage; Current; Resistance; Power,"Start with a direct answer describing exactly what the tool calculates. Show the exact implemented formula/algorithm and define every symbol, unit, and transformation. Explain every input: Voltage, Current, Resistance, Power. Explain outputs: Voltage, Current, Resistance, Power. Add a worked example using realistic values that reproduces the calculator result. Explain assumptions, valid input ranges, rounding, edge cases and when results can differ from official/clinical/lender calculations. Add concise FAQs that answer formula, input, result and limitation questions. Date-stamp all time-sensitive data and cite the authoritative current source.","Exact engineering/geometry formula, units, standards; document any default density, waste factor, safety factor or material assumption.",Conditional,When standards/default factors change,"Real components can be nonlinear, temperature-dependent, reactive, frequency-dependent, or subject to tolerances. AC circuits with inductance or capacitance can require impedance and phase calculations rather than resistance alone.",https://www.calculator.net/ohms-law-calculator.html | https://www.nist.gov/pml/special-publication-811/nist-guide-si-chapter-4-two-classes-si-units-and-si-prefixes,/ohms-law-calculator/index.html
176,18,Resistor Calculator,resistor-calculator,Engineering & Construction,Engineering / Construction,Calculator,"Decode 4-, 5-, or 6-band resistor colors and calculate equivalent resistance for series and parallel networks.","Resistor Color Code and Network Formulas: For a 4-band resistor, the first two colors are digits; for a 5- or 6-band resistor, the first three are digits. The next band is a decimal multiplier. Tolerance defines the expected range around nominal resistance. Series: Rtotal = ΣR Parallel: Rtotal = 1 / Σ(1/R)",Band count; Standard; Resistor values; Connection; Input unit,Tolerance; Minimum; Maximum; TCR,"Start with a direct answer describing exactly what the tool calculates. Show the exact implemented formula/algorithm and define every symbol, unit, and transformation. Explain every input: Band count, Standard, Resistor values, Connection, Input unit. Explain outputs: Tolerance, Minimum, Maximum, TCR. Add a worked example using realistic values that reproduces the calculator result. Explain assumptions, valid input ranges, rounding, edge cases and when results can differ from official/clinical/lender calculations. Add concise FAQs that answer formula, input, result and limitation questions. Date-stamp all time-sensitive data and cite the authoritative current source.","Exact engineering/geometry formula, units, standards; document any default density, waste factor, safety factor or material assumption.",Conditional,When standards/default factors change,"Real circuits may include resistor self-heating, lead/contact resistance, frequency effects, component tolerances, and other elements. Do not use a basic equivalent-resistance result as a substitute for complete circuit analysis where safety or power dissipation matters.",https://webstore.iec.ch/en/publication/34087 | https://www.calculator.net/resistor-calculator.html,/resistor-calculator/index.html
177,18,Shoe Size Conversion Calculator,shoe-size-conversion,Conversion & Web,Conversion / Science / Web,Calculator,"Convert shoe sizes between US/Canada, UK/India, EU, Japan/Mexico, China, and foot length with category-aware formulas.",Approximate Shoe Size Formulas: Adults US women ≈ 3L(in) − 21 Adults US men ≈ 3L(in) − 22 Adults UK/India ≈ 3L(in) − 23 EU ≈ 1.5 × L(cm) + 2 Japan/Mexico ≈ L(cm) China ≈ 2 × L(cm) − 10 Child formulas use different offsets for US/Canada and UK/India. Output is rounded to common half-size or whole-size increments to make the estimate practical.,Category; Convert from; Size or length,Primary calculated result and supporting values,"Start with a direct answer describing exactly what the tool calculates. Show the exact implemented formula/algorithm and define every symbol, unit, and transformation. Explain every input: Category, Convert from, Size or length. Add a worked example using realistic values that reproduces the calculator result. Explain assumptions, valid input ranges, rounding, edge cases and when results can differ from official/clinical/lender calculations. Add concise FAQs that answer formula, input, result and limitation questions. Date-stamp all time-sensitive data and cite the authoritative current source.","Exact conversion constants/protocol/standard definitions, units and edge cases; cite primary standards where practical.",Conditional,When standards/constants change,"Size labels do not guarantee fit. This calculator does not model foot width, last shape, arch, socks, toe allowance, brand variation, or model-specific construction. Use conversions as a starting point, not a fitting guarantee.",https://www.iso.org/standard/83106.html | https://www.calculator.net/shoe-size-conversion.html,/shoe-size-conversion/index.html
178,18,Stair Calculator,stair-calculator,Engineering & Construction,Engineering / Construction,Calculator,"Calculate straight-stair risers, treads, total run, pitch angle, and stringer length with common residential code checks.",Stair Calculation Formulas: Risers = ceil(Total Rise ÷ Maximum Riser) Actual Riser = Total Rise ÷ Risers Treads = Risers − 1 Total Run = Treads × Tread Depth Stringer = √(Rise² + Run²) Angle = atan(Rise ÷ Run),Total rise; Maximum riser; Tread depth; Stair width; Measurement unit,Actual riser; Total run; Stringer; Angle; IRC geometry; Width,"Start with a direct answer describing exactly what the tool calculates. Show the exact implemented formula/algorithm and define every symbol, unit, and transformation. Explain every input: Total rise, Maximum riser, Tread depth, Stair width, Measurement unit. Explain outputs: Actual riser, Total run, Stringer, Angle, IRC geometry, Width. Add a worked example using realistic values that reproduces the calculator result. Explain assumptions, valid input ranges, rounding, edge cases and when results can differ from official/clinical/lender calculations. Add concise FAQs that answer formula, input, result and limitation questions. Date-stamp all time-sensitive data and cite the authoritative current source.","Exact engineering/geometry formula, units, standards; document any default density, waste factor, safety factor or material assumption.",Conditional,When standards/default factors change,"This tool does not design landings, guards, handrails, winders, nosings, headroom geometry, framing connections, live loads, or stringer cut strength. Verify the locally adopted code and structural requirements before construction.",https://codes.iccsafe.org/content/IRC2021P1/chapter-3-building-planning | https://www.calculator.net/stair-calculator.html,/stair-calculator/index.html
179,18,Tip Calculator,tip-calculator,Other Tools,Other Tools,Calculator,"Calculate tip amount, total bill, and per-person split with custom or quick-select tip percentages.",Tip Calculator Formula: Tip = Bill × (Tip % ÷ 100) Total = Bill + Tip Total per person = Total ÷ People Tip per person = Tip ÷ People,Bill amount; Tip percentage; Number of people; Currency,Primary calculated result and supporting values,"Start with a direct answer describing exactly what the tool calculates. Show the exact implemented formula/algorithm and define every symbol, unit, and transformation. Explain every input: Bill amount, Tip percentage, Number of people, Currency. Add a worked example using realistic values that reproduces the calculator result. Explain assumptions, valid input ranges, rounding, edge cases and when results can differ from official/clinical/lender calculations. Add concise FAQs that answer formula, input, result and limitation questions.","No live data required; verify mathematical definition, notation, domain restrictions, rounding and edge cases.",No,Only if formula/definition changes,"This calculator does not decide what percentage is culturally or legally appropriate. Tipping customs vary by country, service type, venue, and circumstance. It also assumes an equal split rather than item-by-item sharing.",https://www.irs.gov/businesses/small-businesses-self-employed/tip-recordkeeping-and-reporting | https://www.calculator.net/tip-calculator.html,/tip-calculator/index.html
180,19,Golf Handicap Calculator,golf-handicap-calculator,Other Tools,Other Tools,Calculator,Calculate Course Handicap and estimate a base Handicap Index using current World Handicap System formulas.,Score Differential Formula: Score Differential = (113 ÷ Slope Rating) × (Adjusted Gross Score − Course Rating − PCC),"Handicap Index; Slope Rating; Course Rating; Par; Score Differentials (3–20, comma separated)",Primary calculated result and supporting values,"Start with a direct answer describing exactly what the tool calculates. Show the exact implemented formula/algorithm and define every symbol, unit, and transformation. Explain every input: Handicap Index, Slope Rating, Course Rating, Par, Score Differentials (3–20, comma separated). Add a worked example using realistic values that reproduces the calculator result. Explain assumptions, valid input ranges, rounding, edge cases and when results can differ from official/clinical/lender calculations. Add concise FAQs that answer formula, input, result and limitation questions. Date-stamp all time-sensitive data and cite the authoritative current source.","Current World Handicap System rules, score differential logic, caps/adjustments if implemented.",Yes,When WHS rules change,Not an official handicap service: use an authorized WHS service for posting scores and an official Handicap Index. This page is for calculation and learning.,https://www.usga.org/content/usga/home-page/handicapping/world-handicap-system/topics/course-handicap-and-playing-handicap.html | https://www.usga.org/content/usga/home-page/handicapping/roh/Content/rules/5%202a%20For%20Fewer%20Than%2020%20Scores.htm | https://www.usga.org/handicapping/roh/Content/rules/5%201a%20Calculation%20of%20a%20Score%20Differential18Hole.htm,/golf-handicap-calculator/index.html
181,19,Molarity Calculator,molarity-calculator,Engineering & Construction,Conversion / Science / Web,Calculator,"Calculate molarity, solute mass, molar mass, or solution volume with chemistry unit conversions.",Molarity Formula: M = n ÷ V n = mass ÷ molar mass therefore M = mass ÷ (molar mass × volume),Solve for; Solute mass; Molar mass; Solution volume; Concentration,Primary calculated result and supporting values,"Start with a direct answer describing exactly what the tool calculates. Show the exact implemented formula/algorithm and define every symbol, unit, and transformation. Explain every input: Solve for, Solute mass, Molar mass, Solution volume, Concentration. Add a worked example using realistic values that reproduces the calculator result. Explain assumptions, valid input ranges, rounding, edge cases and when results can differ from official/clinical/lender calculations. Add concise FAQs that answer formula, input, result and limitation questions. Date-stamp all time-sensitive data and cite the authoritative current source.","Exact conversion constants/protocol/standard definitions, units and edge cases; cite primary standards where practical.",Conditional,When standards/constants change,"Use the final volume of the solution, not simply the starting solvent volume, when precision matters. Temperature can affect liquid volume, so high-accuracy laboratory work should use appropriate volumetric procedures. What Is a Molarity Calculator? A molarity calculator finds the amount concentration of a solution. IUPAC defines amount concentration as the amount of a constituent divided by the volume of the mixture. In common laboratory use, molarity is usually expressed in moles per liter (mol/L), often written M. Molarity Formula M = n ÷ V n = mass ÷ molar mass therefore M = mass ÷ (molar mass × volume) Formula Variables M is molarity in mol/L, n is amount in moles, and V is total solution volume in liters. When mass is used, molar mass must be in g/mol and solute mass in grams. Calculation Example For 10 g of sodium chloride with a molar mass of 58.44 g/mol in 500 mL (0.5 L), moles = 10 ÷ 58.44 ≈ 0.1711 mol. Molarity = 0.1711 ÷ 0.5 ≈ 0.3422 M. Important Limitation Use the final volume of the solution, not simply the starting solvent volume, when precision matters. Temperature can affect liquid volume, so high-accuracy laboratory work should use appropriate volumetric procedures. Frequently Asked Questions What is molarity? Molarity, more precisely amount concentration, is th",https://goldbook.iupac.org/terms/view/A00295,/molarity-calculator/index.html
182,19,Molecular Weight Calculator,molecular-weight-calculator,Engineering & Construction,Health / Fitness / Nutrition,Calculator,"Calculate molar mass from a chemical formula, including grouped formulas and common hydrates.",Molecular Weight Formula: molar mass ≈ Σ (number of atoms of element i × standard atomic weight of element i),Formula (case-sensitive); Common compound,Primary calculated result and supporting values,"Start with a direct answer describing exactly what the tool calculates. Show the exact implemented formula/algorithm and define every symbol, unit, and transformation. Explain every input: Formula (case-sensitive), Common compound. Add a worked example using realistic values that reproduces the calculator result. Explain assumptions, valid input ranges, rounding, edge cases and when results can differ from official/clinical/lender calculations. Add concise FAQs that answer formula, input, result and limitation questions. Date-stamp all time-sensitive data and cite the authoritative current source.","Authoritative formula source, population/age/sex applicability, units, cutoffs/reference ranges and limitations; avoid diagnostic claims.",Conditional,When clinical/exercise guidance changes,"Precision note: natural isotopic composition can make standard atomic weights vary for some elements. This tool uses practical abridged values suitable for general calculations, not isotope-specific exact masses.",https://iupac.qmul.ac.uk/AtWt/AtWt21.html,/molecular-weight-calculator/index.html
183,19,Roman Numeral Converter,roman-numeral-converter,Conversion & Web,Conversion / Science / Web,Calculator,"Convert whole numbers to Roman numerals, Roman numerals to Arabic numbers, and numeric dates to Roman form.","Conversion Method: To convert an Arabic number, the calculator subtracts the largest valid Roman value repeatedly, including subtractive forms such as 900 (CM) and 40 (XL). To validate Roman input, it converts the text to a number and then checks that converting the number back produces the same canonical notation.",Arabic number or Roman numeral,Primary calculated result and supporting values,"Start with a direct answer describing exactly what the tool calculates. Show the exact implemented formula/algorithm and define every symbol, unit, and transformation. Explain every input: Arabic number or Roman numeral. Add a worked example using realistic values that reproduces the calculator result. Explain assumptions, valid input ranges, rounding, edge cases and when results can differ from official/clinical/lender calculations. Add concise FAQs that answer formula, input, result and limitation questions. Date-stamp all time-sensitive data and cite the authoritative current source.","Exact conversion constants/protocol/standard definitions, units and edge cases; cite primary standards where practical.",Conditional,When standards/constants change,"Explain formula domain, unit consistency, rounding, input validation and real-world limitations.",https://our-languages.canada.ca/en/writing-tips-plus/numbers-roman-numerals,/roman-numeral-converter/index.html
184,19,Roofing Calculator,roofing-calculator,Engineering & Construction,Engineering / Construction,Calculator,"Estimate pitched roof area, roofing squares, bundle quantity, waste, and optional material cost.","Roof Pitch Area Formula: slope factor = √(1 + (rise ÷ 12)²) roof area ≈ projected plan area × slope factor For example, a 6/12 pitch has a slope factor of about 1.118. A steeper roof has more surface area than its horizontal projection.",House length (ft); House width (ft); Pitch rise (x / 12); Eave overhang (ft); Waste allowance (%); Coverage per bundle (ft²); Price per bundle (optional),Primary calculated result and supporting values,"Start with a direct answer describing exactly what the tool calculates. Show the exact implemented formula/algorithm and define every symbol, unit, and transformation. Explain every input: House length (ft), House width (ft), Pitch rise (x / 12), Eave overhang (ft), Waste allowance (%), Coverage per bundle (ft²), Price per bundle (optional). Add a worked example using realistic values that reproduces the calculator result. Explain assumptions, valid input ranges, rounding, edge cases and when results can differ from official/clinical/lender calculations. Add concise FAQs that answer formula, input, result and limitation questions. Date-stamp all time-sensitive data and cite the authoritative current source.","Exact engineering/geometry formula, units, standards; document any default density, waste factor, safety factor or material assumption.",Conditional,When standards/default factors change,"This simple model does not separately measure hips, valleys, dormers, intersecting roof planes, starter courses, ridge caps, flashing, or complex cut waste. For complex roofs, measure each roof plane and follow product-specific installation requirements. The output is a planning estimate, not a contractor takeoff. Verify measurements on the actual structure and check local code and manufacturer instructions. What Is a Roofing Calculator? This roofing calculator estimates the surface area of a simple pitched roof from the horizontal footprint, roof pitch, and eave overhang. It can then convert the area to roofing squares and estimate bundle quantity using your chosen coverage and waste allowance. Roof Pitch Area Formula slope factor = √(1 + (rise ÷ 12)²) roof area ≈ projected plan area × slope factor For example, a 6/12 pitch has a slope factor of about 1.118. A steeper roof has more surface area than its horizontal projection. Roofing Squares and Bundles One roofing square is 100 ft². Bundle coverage varies by product, which is why this calculator asks for coverage per bundle rather than assuming every shingle package is identical. Important Limitations This simple model does not separately measure hips, valleys, dormers, intersecting roof planes, starter courses, ridge caps, fla",Source names may be present in page text; no external URL embedded.,/roofing-calculator/index.html
185,19,Sleep Calculator,sleep-calculator,Health & Fitness,Health / Fitness / Nutrition,Calculator,"Estimate bedtimes or wake-up times using adjustable sleep-cycle length and sleep-onset time, with evidence-based context.","How the Calculation Works: bedtime ≈ wake time − (number of cycles × cycle length) − time to fall asleep The default cycle length here is 90 minutes because it is a convenient midpoint, but NIH notes that sleep cycles normally restart about every 80–100 minutes and vary across the night and between people.",I want to; Target time; Cycle length (min); Fall-asleep time (min),Primary calculated result and supporting values,"Start with a direct answer describing exactly what the tool calculates. Show the exact implemented formula/algorithm and define every symbol, unit, and transformation. Explain every input: I want to, Target time, Cycle length (min), Fall-asleep time (min). Add a worked example using realistic values that reproduces the calculator result. Explain assumptions, valid input ranges, rounding, edge cases and when results can differ from official/clinical/lender calculations. Add concise FAQs that answer formula, input, result and limitation questions. Date-stamp all time-sensitive data and cite the authoritative current source.","Authoritative formula source, population/age/sex applicability, units, cutoffs/reference ranges and limitations; avoid diagnostic claims.",Conditional,When clinical/exercise guidance changes,"Explain formula domain, unit consistency, rounding, input validation and real-world limitations.",https://www.nhlbi.nih.gov/health/sleep/stages-of-sleep | https://www.cdc.gov/sleep/about/,/sleep-calculator/index.html
186,19,Speed Calculator,speed-calculator,Engineering & Construction,Conversion / Science / Web,Calculator,"Calculate speed, distance, or time and convert between m/s, km/h, mph, knots, and ft/s.","Speed, Distance, and Time Formula: speed = distance ÷ time distance = speed × time time = distance ÷ speed",Speed; Distance; Time; Result unit,Primary calculated result and supporting values,"Start with a direct answer describing exactly what the tool calculates. Show the exact implemented formula/algorithm and define every symbol, unit, and transformation. Explain every input: Speed, Distance, Time, Result unit. Add a worked example using realistic values that reproduces the calculator result. Explain assumptions, valid input ranges, rounding, edge cases and when results can differ from official/clinical/lender calculations. Add concise FAQs that answer formula, input, result and limitation questions. Date-stamp all time-sensitive data and cite the authoritative current source.","Exact conversion constants/protocol/standard definitions, units and edge cases; cite primary standards where practical.",Conditional,When standards/constants change,"Explain formula domain, unit consistency, rounding, input validation and real-world limitations.",https://www.nist.gov/pml/special-publication-811/nist-guide-si-appendix-b-conversion-factors/nist-guide-si-appendix-b9,/speed-calculator/index.html
187,19,Tile Calculator,tile-calculator,Engineering & Construction,Engineering / Construction,Calculator,"Estimate tile quantity, rows, columns, waste, boxes, and optional cost for a rectangular surface.","How the Tile Count Is Calculated: columns = ceil((surface length + grout gap) ÷ (tile length + grout gap)) rows = ceil((surface width + grout gap) ÷ (tile width + grout gap)) tiles = rows × columns The calculator then increases the tile count by your waste percentage and rounds up to a whole tile. If tiles per box are supplied, it also rounds up to a whole number of boxes.",Tile length (in); Tile width (in); Surface length (ft); Surface width (ft); Grout gap (in); Waste allowance (%); Tiles per box; Price per box (optional),Primary calculated result and supporting values,"Start with a direct answer describing exactly what the tool calculates. Show the exact implemented formula/algorithm and define every symbol, unit, and transformation. Explain every input: Tile length (in), Tile width (in), Surface length (ft), Surface width (ft), Grout gap (in), Waste allowance (%), Tiles per box, Price per box (optional). Add a worked example using realistic values that reproduces the calculator result. Explain assumptions, valid input ranges, rounding, edge cases and when results can differ from official/clinical/lender calculations. Add concise FAQs that answer formula, input, result and limitation questions. Date-stamp all time-sensitive data and cite the authoritative current source.","Exact engineering/geometry formula, units, standards; document any default density, waste factor, safety factor or material assumption.",Conditional,When standards/default factors change,"Measure the actual installation area and check the tile manufacturer's caliber, joint, and installation guidance before ordering.",Source names may be present in page text; no external URL embedded.,/tile-calculator/index.html
188,19,Tire Size Calculator,tire-size-calculator,Engineering & Construction,Engineering & Construction,Calculator,"Calculate tire diameter, sidewall height, circumference, revolutions per mile, and compare two tire sizes.",Tire Diameter Formula: sidewall height (in) = width (mm) × aspect ratio ÷ 100 ÷ 25.4 overall diameter = wheel diameter + 2 × sidewall height,Width mm; Aspect %; Rim in,Primary calculated result and supporting values,"Start with a direct answer describing exactly what the tool calculates. Show the exact implemented formula/algorithm and define every symbol, unit, and transformation. Explain every input: Width mm, Aspect %, Rim in. Add a worked example using realistic values that reproduces the calculator result. Explain assumptions, valid input ranges, rounding, edge cases and when results can differ from official/clinical/lender calculations. Add concise FAQs that answer formula, input, result and limitation questions.","No live data required; verify mathematical definition, notation, domain restrictions, rounding and edge cases.",No,Only if formula/definition changes,"Tire dimensions are nominal; real measured dimensions can vary by tire model, rim width, inflation pressure, and load.",https://static.nhtsa.gov/odi/tsbs/2023/MC-10238123-9999.pdf,/tire-size-calculator/index.html
189,19,Weight Calculator,weight-calculator,Engineering & Construction,Health / Fitness / Nutrition,Calculator,"Convert between kilograms, pounds, ounces, grams, stones, tonnes, and other common weight or mass units.",Target value = input value × (from-unit kilogram factor ÷ to-unit kilogram factor). Uses exact/standard mass constants such as 1 lb = 0.45359237 kg.,Value; From; To,Primary calculated result and supporting values,"Start with a direct answer describing exactly what the tool calculates. Show the exact implemented formula/algorithm and define every symbol, unit, and transformation. Explain every input: Value, From, To. Add a worked example using realistic values that reproduces the calculator result. Explain assumptions, valid input ranges, rounding, edge cases and when results can differ from official/clinical/lender calculations. Add concise FAQs that answer formula, input, result and limitation questions. Date-stamp all time-sensitive data and cite the authoritative current source.","Authoritative formula source, population/age/sex applicability, units, cutoffs/reference ranges and limitations; avoid diagnostic claims.",Conditional,When clinical/exercise guidance changes,"Explain formula domain, unit consistency, rounding, input validation and real-world limitations.",https://nvlpubs.nist.gov/nistpubs/Legacy/IR/nistir88-4004p1.pdf,/weight-calculator/index.html
190,20,Bandwidth Calculator,bandwidth-calculator,Conversion & Web,Conversion / Science / Web,Calculator,"Estimate file transfer time from data size and bandwidth, or calculate the bandwidth needed to meet a target duration.",Bandwidth Calculator Formula: Transfer time (seconds) = data size (bits) ÷ effective bandwidth (bits/second). Required bandwidth = data size (bits) ÷ target time (seconds).,Data size; Link bandwidth; Target duration; Usable throughput / efficiency (%),Primary calculated result and supporting values,"Start with a direct answer describing exactly what the tool calculates. Show the exact implemented formula/algorithm and define every symbol, unit, and transformation. Explain every input: Data size, Link bandwidth, Target duration, Usable throughput / efficiency (%). Add a worked example using realistic values that reproduces the calculator result. Explain assumptions, valid input ranges, rounding, edge cases and when results can differ from official/clinical/lender calculations. Add concise FAQs that answer formula, input, result and limitation questions. Date-stamp all time-sensitive data and cite the authoritative current source.","Exact conversion constants/protocol/standard definitions, units and edge cases; cite primary standards where practical.",Conditional,When standards/constants change,"This page is a planning model, not a speed test. It does not measure your connection and does not model packet overhead automatically unless you reduce the efficiency percentage yourself.",https://sec.cloudapps.cisco.com/security/center/resources/network_performance_metrics.html | https://csrc.nist.gov/glossary/term/gbps | https://speed.cloudflare.com/about,/bandwidth-calculator/index.html
191,20,Base64 Encode / Decode,base64-encode-decode,Conversion & Web,Conversion / Science / Web,Calculator,"Encode UTF-8 text to Base64 or decode Base64 back to text, with standard and Base64URL options.","Formula Variables: The standard alphabet uses A–Z, a–z, 0–9, +, and /. Base64URL substitutes - and _ for + and /. This page treats decoded text as UTF-8.",Input; Output,Primary calculated result and supporting values,"Start with a direct answer describing exactly what the tool calculates. Show the exact implemented formula/algorithm and define every symbol, unit, and transformation. Explain every input: Input, Output. Add a worked example using realistic values that reproduces the calculator result. Explain assumptions, valid input ranges, rounding, edge cases and when results can differ from official/clinical/lender calculations. Add concise FAQs that answer formula, input, result and limitation questions. Date-stamp all time-sensitive data and cite the authoritative current source.","Exact conversion constants/protocol/standard definitions, units and edge cases; cite primary standards where practical.",Conditional,When standards/constants change,This tool is designed for text and UTF-8 data. A Base64 string may represent arbitrary binary bytes that are not valid UTF-8 text; such data cannot always be displayed meaningfully as characters.,https://www.rfc-editor.org/info/rfc4648/ | https://developer.mozilla.org/en-US/docs/Web/API/Window/btoa | https://developer.mozilla.org/en-US/docs/Web/API/TextEncoder,/base64-encode-decode/index.html
192,20,Day Counter,day-counter,Date & Time,Date / Time,Calculator,"Count calendar days between two dates, with inclusive/exclusive options plus weekday and weekend totals.","Day Counter Formula: Day difference = [UTC(end date) − UTC(start date)] ÷ 86,400,000 ms. Inclusive count = day difference + 1.",Start date; End date; Counting method,Primary calculated result and supporting values,"Start with a direct answer describing exactly what the tool calculates. Show the exact implemented formula/algorithm and define every symbol, unit, and transformation. Explain every input: Start date, End date, Counting method. Add a worked example using realistic values that reproduces the calculator result. Explain assumptions, valid input ranges, rounding, edge cases and when results can differ from official/clinical/lender calculations. Add concise FAQs that answer formula, input, result and limitation questions. Date-stamp all time-sensitive data and cite the authoritative current source.",Calendar convention and date arithmetic rules; time-zone functions require current IANA/browser data.,Conditional,When calendar/time-zone rules change,"This is a Gregorian browser-date calculator. It counts calendar dates, not business holidays, school days, trading days, or religious calendar dates.",https://developer.mozilla.org/en-US/docs/Web/JavaScript/Reference/Global_Objects/Date | https://developer.mozilla.org/en-US/docs/Web/HTML/Reference/Elements/input/date,/day-counter/index.html
193,20,Dew Point Calculator,dew-point-calculator,Other Tools,Other Tools,Calculator,Calculate dew point from air temperature and relative humidity using a NOAA/NCEP saturation-vapor-pressure relationship.,Dew Point Calculator Formula: eₛ = (RH/100) × 6.1365 × exp(17.502T / (240.97 + T)); Td = 240.97 × ln(eₛ/6.1365) / [17.502 − ln(eₛ/6.1365)],Air temperature; Relative humidity (%),Primary calculated result and supporting values,"Start with a direct answer describing exactly what the tool calculates. Show the exact implemented formula/algorithm and define every symbol, unit, and transformation. Explain every input: Air temperature, Relative humidity (%). Add a worked example using realistic values that reproduces the calculator result. Explain assumptions, valid input ranges, rounding, edge cases and when results can differ from official/clinical/lender calculations. Add concise FAQs that answer formula, input, result and limitation questions. Date-stamp all time-sensitive data and cite the authoritative current source.","Official meteorological formula, valid input range, units and warnings.",Conditional,When formula validity ranges or official guidance change,"This is a meteorological estimate based on measured temperature and relative humidity. It does not model local surfaces, radiative cooling, pressure changes, fog formation, or indoor condensation on a specific material.",https://madis.ncep.noaa.gov/madis_rwis_qc_notes.shtml | https://www.weather.gov/epz/wxcalc_rh,/dew-point-calculator/index.html
194,20,Gravel Calculator,gravel-calculator,Engineering & Construction,Engineering / Construction,Calculator,"Calculate gravel volume from length, width, and depth, with optional supplier density for weight estimates.",Gravel Calculator Formula: Volume = length × width × depth. Imperial cubic yards = [L(ft) × W(ft) × D(in ÷ 12)] ÷ 27. Mass = volume × bulk density.,"Length (ft); Width (ft); Depth (in); Overage (%); Supplier bulk density (lb/ft³, optional)",Primary calculated result and supporting values,"Start with a direct answer describing exactly what the tool calculates. Show the exact implemented formula/algorithm and define every symbol, unit, and transformation. Explain every input: Length (ft), Width (ft), Depth (in), Overage (%), Supplier bulk density (lb/ft³, optional). Add a worked example using realistic values that reproduces the calculator result. Explain assumptions, valid input ranges, rounding, edge cases and when results can differ from official/clinical/lender calculations. Add concise FAQs that answer formula, input, result and limitation questions. Date-stamp all time-sensitive data and cite the authoritative current source.","Exact engineering/geometry formula, units, standards; document any default density, waste factor, safety factor or material assumption.",Conditional,When standards/default factors change,"This calculator is not a geotechnical design tool and does not determine structural base thickness. Use engineering specifications for driveways, roads, foundations, drainage, or load-bearing work.",https://extension.k-state.edu/program-areas/supporting-communities/public-trails/trail-talk-files/2023-trail%20talk%20tuesday%20December.pdf | https://www.nist.gov/pml/owm/si-units-volume,/gravel-calculator/index.html
195,20,Heat Index Calculator,heat-index-calculator,Other Tools,Other Tools,Calculator,Calculate heat index from air temperature and relative humidity using the National Weather Service Rothfusz method.,Heat Index Calculator Formula: HI = −42.379 + 2.04901523T + 10.14333127RH − 0.22475541TRH − 0.00683783T² − 0.05481717RH² + 0.00122874T²RH + 0.00085282TRH² − 0.00000199T²RH²,Air temperature; Relative humidity (%),Primary calculated result and supporting values,"Start with a direct answer describing exactly what the tool calculates. Show the exact implemented formula/algorithm and define every symbol, unit, and transformation. Explain every input: Air temperature, Relative humidity (%). Add a worked example using realistic values that reproduces the calculator result. Explain assumptions, valid input ranges, rounding, edge cases and when results can differ from official/clinical/lender calculations. Add concise FAQs that answer formula, input, result and limitation questions. Date-stamp all time-sensitive data and cite the authoritative current source.","Official meteorological formula, valid input range, units and warnings.",Conditional,When formula validity ranges or official guidance change,Heat index is not a body-temperature prediction or personal medical threshold. The Rothfusz regression is not valid at extreme combinations outside the data range used to derive it. Follow local heat warnings and safety guidance.,https://www.weather.gov/tbw/heatindex | https://www.wpc.ncep.noaa.gov/html/heatindex_equationbody.html,/heat-index-calculator/index.html
196,20,Mulch Calculator,mulch-calculator,Engineering & Construction,Engineering / Construction,Calculator,"Estimate mulch volume in cubic yards or cubic meters, plus bag counts, from area and depth.",Mulch Calculator Formula: Volume = length × width × depth. For imperial inputs: cubic yards = [length(ft) × width(ft) × depth(in ÷ 12)] ÷ 27.,"Length (ft); Width (ft); Mulch depth (in); Optional overage (%); Bag size (ft³, optional)",Primary calculated result and supporting values,"Start with a direct answer describing exactly what the tool calculates. Show the exact implemented formula/algorithm and define every symbol, unit, and transformation. Explain every input: Length (ft), Width (ft), Mulch depth (in), Optional overage (%), Bag size (ft³, optional). Add a worked example using realistic values that reproduces the calculator result. Explain assumptions, valid input ranges, rounding, edge cases and when results can differ from official/clinical/lender calculations. Add concise FAQs that answer formula, input, result and limitation questions. Date-stamp all time-sensitive data and cite the authoritative current source.","Exact engineering/geometry formula, units, standards; document any default density, waste factor, safety factor or material assumption.",Conditional,When standards/default factors change,"This calculator estimates geometric volume; it cannot predict settling, compaction, moisture content, or supplier-specific bag fill. Confirm product coverage guidance before ordering large quantities.",https://extension.usu.edu/yardandgarden/research/using-mulches-in-utah-landscapes-and-gardens | https://www.nist.gov/pml/owm/si-units-volume,/mulch-calculator/index.html
197,20,Time Duration Calculator,time-duration-calculator,Date & Time,Date / Time,Calculator,"Calculate exact elapsed time between two local date-times in days, hours, minutes, seconds, and total units.","Time Duration Calculator Formula: Duration = end timestamp − start timestamp. One second = 1,000 milliseconds; one minute = 60 seconds; one hour = 3,600 seconds.",Start date & time; End date & time,Primary calculated result and supporting values,"Start with a direct answer describing exactly what the tool calculates. Show the exact implemented formula/algorithm and define every symbol, unit, and transformation. Explain every input: Start date & time, End date & time. Add a worked example using realistic values that reproduces the calculator result. Explain assumptions, valid input ranges, rounding, edge cases and when results can differ from official/clinical/lender calculations. Add concise FAQs that answer formula, input, result and limitation questions. Date-stamp all time-sensitive data and cite the authoritative current source.",Calendar convention and date arithmetic rules; time-zone functions require current IANA/browser data.,Conditional,When calendar/time-zone rules change,"This calculator uses your browser’s local time-zone rules and does not attach a named time zone to the inputs. For cross-time-zone scheduling, use a tool that explicitly records each location and zone identifier.",https://developer.mozilla.org/en-US/docs/Web/JavaScript/Reference/Global_Objects/Date,/time-duration-calculator/index.html
198,20,URL Encode / Decode,url-encode-decode,Conversion & Web,Conversion / Science / Web,Calculator,Percent-encode or decode URL text with separate whole-URI and URI-component modes based on browser URL encoding functions.,"URL Encode / Decode Formula: Percent-encoded octet = “%” + two hexadecimal digits. For Unicode text, URI encoding uses the bytes of its UTF-8 representation.",Input; Output,Primary calculated result and supporting values,"Start with a direct answer describing exactly what the tool calculates. Show the exact implemented formula/algorithm and define every symbol, unit, and transformation. Explain every input: Input, Output. Add a worked example using realistic values that reproduces the calculator result. Explain assumptions, valid input ranges, rounding, edge cases and when results can differ from official/clinical/lender calculations. Add concise FAQs that answer formula, input, result and limitation questions. Date-stamp all time-sensitive data and cite the authoritative current source.","Exact conversion constants/protocol/standard definitions, units and edge cases; cite primary standards where practical.",Conditional,When standards/constants change,"This utility follows browser encodeURI/encodeURIComponent and corresponding decode functions. Application/x-www-form-urlencoded form data has additional conventions, including “+” for spaces, and is not identical to generic RFC 3986 percent-encoding.",https://www.rfc-editor.org/info/rfc3986/ | https://developer.mozilla.org/en-US/docs/Glossary/Percent-encoding,/url-encode-decode/index.html
199,20,Wind Chill Calculator,wind-chill-calculator,Other Tools,Other Tools,Calculator,Calculate National Weather Service wind chill from air temperature and wind speed with Fahrenheit and Celsius results.,Wind Chill Calculator Formula: WCT(°F) = 35.74 + 0.6215T − 35.75V^0.16 + 0.4275T·V^0.16,Air temperature; Wind speed,Primary calculated result and supporting values,"Start with a direct answer describing exactly what the tool calculates. Show the exact implemented formula/algorithm and define every symbol, unit, and transformation. Explain every input: Air temperature, Wind speed. Add a worked example using realistic values that reproduces the calculator result. Explain assumptions, valid input ranges, rounding, edge cases and when results can differ from official/clinical/lender calculations. Add concise FAQs that answer formula, input, result and limitation questions. Date-stamp all time-sensitive data and cite the authoritative current source.","Official meteorological formula, valid input range, units and warnings.",Conditional,When formula validity ranges or official guidance change,"The NWS formula assumes a standard exposed-face model and no solar heating. It should not be used outside the official temperature and wind-speed range, and it is not a medical diagnosis or individualized safety limit.",https://www.weather.gov/safety/cold-wind-chill-chart | https://www.weather.gov/safety/cold-faqs,/wind-chill-calculator/index.html
200,21,"Useful math should be visible, not mysterious.",about-us,Other Tools,Other Tools,Info,"Learn how CalcPro creates practical calculators with clear formulas, source methodology, assumptions, limitations, and privacy-friendly browser calculations.","Transparent formulas: Where a calculation depends on a formula, we explain the variables, units, assumptions, and result in plain language.",Search CalcPro calculators; Search all calculators,Embed/navigation output,Explain site/methodology/navigation purpose. No calculator formula should be invented.,No live numeric dataset; document navigation/embed behavior and the underlying calculator logic.,No,When site/tool structure changes,"Explain formula domain, unit consistency, rounding, input validation and real-world limitations.",Source names may be present in page text; no external URL embedded.,/about-us/index.html
201,21,Calculate BMI without turning one number into a diagnosis.,anorexic-bmi-calculator,Health & Fitness,Health / Fitness / Nutrition,Calculator,Calculate adult BMI and understand why BMI alone cannot diagnose anorexia nervosa. Includes clear non-diagnostic guidance and trusted sources.,BMI formula: Metric: BMI = weight (kg) ÷ height² (m²). US customary: BMI = 703 × weight (lb) ÷ height² (in²).,Age; Height (cm); Weight (kg); Height (ft); Height (in); Weight (lb),Primary calculated result and supporting values,"Start with a direct answer describing exactly what the tool calculates. Show the exact implemented formula/algorithm and define every symbol, unit, and transformation. Explain every input: Age, Height (cm), Weight (kg), Height (ft), Height (in), Weight (lb). Add a worked example using realistic values that reproduces the calculator result. Explain assumptions, valid input ranges, rounding, edge cases and when results can differ from official/clinical/lender calculations. Add concise FAQs that answer formula, input, result and limitation questions. Date-stamp all time-sensitive data and cite the authoritative current source.",Current clinical guidance and safety framing; do not optimize toward harmful weight-loss targets.,Yes,Every medical-content review,"Explain formula domain, unit consistency, rounding, input validation and real-world limitations.",https://www.calculator.net/anorexic-bmi-calculator.html | https://www.nice.org.uk/guidance/NG69/chapter/recommendations | https://www.nimh.nih.gov/health/publications/eating-disorders,/anorexic-bmi-calculator/index.html
202,21,"Canadian mortgage math, with the compounding step included.",canadian-mortgage-calculator,Date & Time,Finance / Tax / Investment,Calculator,"Estimate Canadian mortgage payments in CAD using the fixed-rate semi-annual compounding convention, plus total interest and amortization schedule.","Canadian monthly rate conversion: i monthly = (1 + j/2) 2/12 − 1 = (1 + j/2) 1/6 − 1 j is the nominal annual rate as a decimal. After conversion, the monthly payment is calculated as M = P × i(1+i) n ÷ ((1+i) n − 1).",Home price (C$); Down payment (C$); Amortization (years); Nominal annual rate (%); Property tax (C$/year); Home insurance (C$/year); Condo/HOA (C$/month); Other costs (C$/year),Primary calculated result and supporting values,"Start with a direct answer describing exactly what the tool calculates. Show the exact implemented formula/algorithm and define every symbol, unit, and transformation. Explain every input: Home price (C$), Down payment (C$), Amortization (years), Nominal annual rate (%), Property tax (C$/year), Home insurance (C$/year), Condo/HOA (C$/month), Other costs (C$/year). Add a worked example using realistic values that reproduces the calculator result. Explain assumptions, valid input ranges, rounding, edge cases and when results can differ from official/clinical/lender calculations. Add concise FAQs that answer formula, input, result and limitation questions. Date-stamp all time-sensitive data and cite the authoritative current source.","Current Canadian mortgage conventions, insurance/stress-test rules if discussed; core rate conversion/payment math is stable.",Conditional,When Canadian rules change,"This tool does not automatically add mortgage default insurance, minimum-down-payment rules, provincial sales taxes on insurance premiums, stress-test qualification, renewal-rate changes, prepayment privileges, penalties, or variable-rate trigger mechanics. Use lender documents for exact contractual figures.",https://www.calculator.net/canadian-mortgage-calculator.html | https://www.canada.ca/en/financial-consumer-agency/services/mortgages/mortgage-terms-amortization.html,/canadian-mortgage-calculator/index.html
203,21,Find the weekday hidden inside any date.,day-of-the-week-calculator,Date & Time,Date / Time,Calculator,"Find the day of the week for any Gregorian date, plus ISO week number, day of year, leap-year status, and a mini monthly calendar.","How the calculation works: This page uses Gregorian calendar arithmetic in the browser. A classic manual method is Zeller’s congruence, which converts the day, adjusted month, year-within-century, and century into a value modulo 7. h = [q + floor(13(m+1)/5) + K + floor(K/4) + floor(J/4) − 2J] mod 7 In the standard mapping, 0 is Saturday, 1 is Sunday, 2 is Monday, and so on. January and February are treated as months 13 and 14 of the previous year.",Date,Primary calculated result and supporting values,"Start with a direct answer describing exactly what the tool calculates. Show the exact implemented formula/algorithm and define every symbol, unit, and transformation. Explain every input: Date. Add a worked example using realistic values that reproduces the calculator result. Explain assumptions, valid input ranges, rounding, edge cases and when results can differ from official/clinical/lender calculations. Add concise FAQs that answer formula, input, result and limitation questions. Date-stamp all time-sensitive data and cite the authoritative current source.",Calendar convention and date arithmetic rules; time-zone functions require current IANA/browser data.,Conditional,When calendar/time-zone rules change,"The calculator uses the Gregorian calendar and does not reconstruct every country’s historical transition from the Julian calendar. It also does not interpret religious, lunar, or other non-Gregorian calendars.",https://www.calculator.net/day-of-the-week-calculator.html | https://www.iso.org/standard/70907.html,/day-of-the-week-calculator/index.html
204,21,Watch a mortgage balance step down payment by payment.,mortgage-amortization-calculator,Finance,Finance / Tax / Investment,Calculator,"Calculate mortgage payment, total interest, and a clear amortization schedule showing how principal and interest change over time.","Mortgage payment formula: M = P × r(1+r) n ÷ ((1+r) n − 1) P is principal, r is the monthly rate, and n is the number of monthly payments. Each month’s interest is the starting balance multiplied by the monthly rate; the rest of the scheduled payment reduces principal.",Home price ($); Down payment ($); Loan term (years); Annual interest rate (%),Primary calculated result and supporting values,"Start with a direct answer describing exactly what the tool calculates. Show the exact implemented formula/algorithm and define every symbol, unit, and transformation. Explain every input: Home price ($), Down payment ($), Loan term (years), Annual interest rate (%). Add a worked example using realistic values that reproduces the calculator result. Explain assumptions, valid input ranges, rounding, edge cases and when results can differ from official/clinical/lender calculations. Add concise FAQs that answer formula, input, result and limitation questions. Date-stamp all time-sensitive data and cite the authoritative current source.","Stable formula plus current official data for any quoted legal/tax/plan thresholds, eligibility rules, benchmark assumptions or fees.",Conditional,When product/rule assumptions change,"This page models a fixed rate with scheduled monthly payments. It excludes taxes, insurance, PMI, HOA dues, rate changes, late charges, escrow adjustments, prepayment penalties, and lender-specific rounding. Extra payments are not included in this version.",https://www.calculator.net/mortgage-amortization-calculator.html | https://www.consumerfinance.gov/ask-cfpb/how-does-paying-down-a-mortgage-work-en-1943/,/mortgage-amortization-calculator/index.html
205,21,"A mortgage view built in pounds, not guesses.",mortgage-calculator-uk,Date & Time,Finance / Tax / Investment,Calculator,"Estimate UK mortgage repayment and interest-only payments in pounds, total interest, LTV, and an amortization schedule.","UK mortgage repayment formula: M = P × r(1+r) n ÷ ((1+r) n − 1) M is the monthly repayment, P is the amount borrowed, r is the monthly interest rate, and n is the number of monthly payments. For this planning estimate, the entered annual rate is divided by 12 to obtain the monthly rate.",Home price (£); Deposit (£); Mortgage term (years); Interest rate (% per year); Council tax / other annual tax (£); Home insurance (£/year); Other recurring costs (£/year),Primary calculated result and supporting values,"Start with a direct answer describing exactly what the tool calculates. Show the exact implemented formula/algorithm and define every symbol, unit, and transformation. Explain every input: Home price (£), Deposit (£), Mortgage term (years), Interest rate (% per year), Council tax / other annual tax (£), Home insurance (£/year), Other recurring costs (£/year). Add a worked example using realistic values that reproduces the calculator result. Explain assumptions, valid input ranges, rounding, edge cases and when results can differ from official/clinical/lender calculations. Add concise FAQs that answer formula, input, result and limitation questions. Date-stamp all time-sensitive data and cite the authoritative current source.",Current UK mortgage/regulatory/tax assumptions only when content quotes them; payment math is stable.,Conditional,When UK rules/fees are discussed,"This is a fixed-rate planning model. It does not model product fees, changing rates, affordability checks, early repayment charges, overpayments, lender-specific daily interest, stamp duty, conveyancing costs, or future remortgage terms. Your lender’s illustration controls the actual payment.",https://www.calculator.net/mortgage-calculator-uk.html | https://www.moneyhelper.org.uk/en/homes/buying-a-home/mortgage-repayment-options | https://www.moneyhelper.org.uk/en/homes/buying-a-home/mortgage-repayment-calculator,/mortgage-calculator-uk/index.html
206,21,See where weight and height meet on the adult BMI scale.,overweight-calculator,Health & Fitness,Health / Fitness / Nutrition,Calculator,Calculate adult BMI and see the CDC weight-status category plus the standard BMI 18.5–24.9 reference weight range for your height.,BMI formula: Metric: BMI = kg ÷ m². US customary: BMI = 703 × lb ÷ in². The calculator also rearranges the same formula to show the weights that correspond to BMI 18.5 and 24.9 for the entered height.,Age; Height (cm); Weight (kg); Height (ft); Height (in); Weight (lb),Primary calculated result and supporting values,"Start with a direct answer describing exactly what the tool calculates. Show the exact implemented formula/algorithm and define every symbol, unit, and transformation. Explain every input: Age, Height (cm), Weight (kg), Height (ft), Height (in), Weight (lb). Add a worked example using realistic values that reproduces the calculator result. Explain assumptions, valid input ranges, rounding, edge cases and when results can differ from official/clinical/lender calculations. Add concise FAQs that answer formula, input, result and limitation questions. Date-stamp all time-sensitive data and cite the authoritative current source.","Authoritative formula source, population/age/sex applicability, units, cutoffs/reference ranges and limitations; avoid diagnostic claims.",Conditional,When clinical/exercise guidance changes,BMI does not distinguish muscle from fat and does not measure fat distribution. It may be less informative for some individuals and should not be treated as a diagnosis. Children and teenagers require BMI-for-age percentiles rather than the adult categories on this page.,https://www.calculator.net/overweight-calculator.html | https://www.cdc.gov/bmi/adult-calculator/bmi-categories.html | https://www.cdc.gov/bmi/adult-calculator/index.html,/overweight-calculator/index.html
207,21,Turn the discount tag into the price you actually pay.,percent-off-calculator,Math & Statistics,Math / Statistics / Geometry,Calculator,"Calculate percent off, final sale price, amount saved, effective discount, and a second stackable coupon instantly.","Percent off formula: Savings = Original Price × (Discount ÷ 100) Final Price = Original Price − Savings The same result can be found by multiplying by the percentage you still pay. For 20% off, you pay 80%, so a $279 item becomes $279 × 0.80 = $223.20.",Original price; First discount (%); Add a stackable second discount; Second discount (%),Primary calculated result and supporting values,"Start with a direct answer describing exactly what the tool calculates. Show the exact implemented formula/algorithm and define every symbol, unit, and transformation. Explain every input: Original price, First discount (%), Add a stackable second discount, Second discount (%). Add a worked example using realistic values that reproduces the calculator result. Explain assumptions, valid input ranges, rounding, edge cases and when results can differ from official/clinical/lender calculations. Add concise FAQs that answer formula, input, result and limitation questions.","No live data required; verify mathematical definition, notation, domain restrictions, rounding and edge cases.",No,Only if formula/definition changes,"The calculator does not automatically include sales tax, shipping, fixed-value coupons, minimum-spend rules, cashback, loyalty rewards, exclusions, or retailer-specific coupon ordering. Apply those according to the store’s actual terms.",https://www.calculator.net/percent-off-calculator.html,/percent-off-calculator/index.html
208,21,Split a whole number until only primes remain.,prime-factorization-calculator,Math & Statistics,Math / Statistics / Geometry,Calculator,"Find prime factors, exponent form, factor pairs, number of divisors, and a visual factor tree for integers up to 1 trillion.","Trial division: remove factors of 2, then test odd divisors while d² ≤ remaining n; any remainder >1 is prime. Prime form n = Π pᵢ^aᵢ. Number of positive divisors = Π(aᵢ+1).",Whole number (2 to 1 trillion),Primary calculated result and supporting values,"Start with a direct answer describing exactly what the tool calculates. Show the exact implemented formula/algorithm and define every symbol, unit, and transformation. Explain every input: Whole number (2 to 1 trillion). Add a worked example using realistic values that reproduces the calculator result. Explain assumptions, valid input ranges, rounding, edge cases and when results can differ from official/clinical/lender calculations. Add concise FAQs that answer formula, input, result and limitation questions.","No live data required; verify mathematical definition, notation, domain restrictions, rounding and edge cases.",No,Only if formula/definition changes,Trial division is simple and reliable for modest numbers but not efficient for cryptographic-scale integers. This browser calculator caps input at one trillion so the interface remains responsive.,https://www.calculator.net/prime-factorization-calculator.html | https://encyclopediaofmath.org/wiki/Distribution_of_prime_numbers | https://www.mathsisfun.com/prime-factorization.html,/prime-factorization-calculator/index.html
209,21,HTML Sitemap,sitemap,Other Tools,Other Tools,Info,Browse the complete CalcPro HTML sitemap by category.,"Quadratic Formula Calculator: Solve quadratic equations with the quadratic formula and view roots, discriminant, vertex, and axis of symmetry. Open tool →",Search CalcPro calculators; Search all calculators,Embed/navigation output,Explain site/methodology/navigation purpose. No calculator formula should be invented.,No live numeric dataset; document navigation/embed behavior and the underlying calculator logic.,No,When site/tool structure changes,"Explain formula domain, unit consistency, rounding, input validation and real-world limitations.",Source names may be present in page text; no external URL embedded.,/sitemap/index.html
210,21,Translate a nutrition label into a historical points estimate.,weight-watchers-points-calculator,Health & Fitness,Health / Fitness / Nutrition,Calculator,"Estimate historical WW-style food points using SmartPoints-era, PointsPlus-era, or classic formulas. Independent and not affiliated with WW.",Does the current WW program use this formula?: Not necessarily. The page intentionally labels these as historical estimates and does not claim to reproduce the current program.,"Calories (kcal); Saturated fat (g); Sugar (g); Protein (g); Carbohydrates (g); Total fat (g); Fiber (g); Fiber (g, credit capped at 4g)",Primary calculated result and supporting values,"Start with a direct answer describing exactly what the tool calculates. Show the exact implemented formula/algorithm and define every symbol, unit, and transformation. Explain every input: Calories (kcal), Saturated fat (g), Sugar (g), Protein (g), Carbohydrates (g), Total fat (g), Fiber (g), Fiber (g, credit capped at 4g). Add a worked example using realistic values that reproduces the calculator result. Explain assumptions, valid input ranges, rounding, edge cases and when results can differ from official/clinical/lender calculations. Add concise FAQs that answer formula, input, result and limitation questions. Date-stamp all time-sensitive data and cite the authoritative current source.","Current official thresholds, limits, eligibility rules, effective tax year/date and authoritative government source.",Yes,At least annually / whenever rules change,"Weight Watchers and WW are trademarks of their respective owner. CalcPro is independent and not affiliated with or endorsed by WW. Historical equations found online can differ slightly, and official programs have included ZeroPoint categories and other rules that simple nutrient formulas do not capture. Use the current official WW tools if you need current membership values.",https://www.calculator.net/weight-watchers-points-calculator.html | https://www.weightwatchers.com/us/blog/how-smartpoints-work,/weight-watchers-points-calculator/index.html
211,22,Average Calculator,average-calculator,Date & Time,Date / Time,Calculator,"Calculate the arithmetic average of a list of numbers and see the sum, count, median, minimum, and maximum with a clear visual breakdown.",Average Formula: Average (arithmetic mean) = (x₁ + x₂ + … + xₙ) ÷ n,Numbers,Primary calculated result and supporting values,"Start with a direct answer describing exactly what the tool calculates. Show the exact implemented formula/algorithm and define every symbol, unit, and transformation. Explain every input: Numbers. Add a worked example using realistic values that reproduces the calculator result. Explain assumptions, valid input ranges, rounding, edge cases and when results can differ from official/clinical/lender calculations. Add concise FAQs that answer formula, input, result and limitation questions. Date-stamp all time-sensitive data and cite the authoritative current source.",Calendar convention and date arithmetic rules; time-zone functions require current IANA/browser data.,Conditional,When calendar/time-zone rules change,The arithmetic mean is not always the best summary for skewed data or data with influential outliers. This tool treats every input equally; it does not calculate a weighted mean unless you explicitly repeat values according to their intended weight.,https://www.calculator.net/average-calculator.html | https://csrc.nist.gov/glossary/term/mean | https://dlmf.nist.gov/1.2,/average-calculator/index.html
212,22,Basic Calculator,basic-calculator,Math & Statistics,Math / Statistics / Geometry,Calculator,"Use a fast basic calculator for addition, subtraction, multiplication, division, memory, EXP notation, random numbers, and answer recall.","Core arithmetic: addition a+b, subtraction a−b, multiplication a×b, division a÷b (b≠0), evaluated with standard order of operations: parentheses, then multiplication/division, then addition/subtraction.",Search CalcPro calculators; Search all calculators,Primary calculated result and supporting values,"Start with a direct answer describing exactly what the tool calculates. Show the exact implemented formula/algorithm and define every symbol, unit, and transformation. Explain every input: Search CalcPro calculators, Search all calculators. Add a worked example using realistic values that reproduces the calculator result. Explain assumptions, valid input ranges, rounding, edge cases and when results can differ from official/clinical/lender calculations. Add concise FAQs that answer formula, input, result and limitation questions.","No live data required; verify mathematical definition, notation, domain restrictions, rounding and edge cases.",No,Only if formula/definition changes,"This calculator uses JavaScript Number values, which are IEEE 754 double-precision floating-point numbers. That gives roughly 15–17 significant decimal digits of practical precision, but some decimal fractions cannot be represented exactly in binary. The display trims common floating-point noise for readability.",https://www.calculator.net/basic-calculator.html | https://developer.mozilla.org/en-US/docs/Web/JavaScript/Reference/Global_Objects/Number,/basic-calculator/index.html
213,22,Common Factor Calculator,common-factor-calculator,Math & Statistics,Math / Statistics / Geometry,Calculator,"Find all common factors and the greatest common factor of two or more positive integers. Includes factor lists, examples, formulas, and clear explanations.","Common Factor Method: Common factors of a₁, a₂, …, aₙ = positive divisors of GCD(a₁, a₂, …, aₙ) If a number d divides each input exactly, then it is a common factor. Finding the GCD first is efficient because every common factor must divide the GCD.",Positive integers,Primary calculated result and supporting values,"Start with a direct answer describing exactly what the tool calculates. Show the exact implemented formula/algorithm and define every symbol, unit, and transformation. Explain every input: Positive integers. Add a worked example using realistic values that reproduces the calculator result. Explain assumptions, valid input ranges, rounding, edge cases and when results can differ from official/clinical/lender calculations. Add concise FAQs that answer formula, input, result and limitation questions.","No live data required; verify mathematical definition, notation, domain restrictions, rounding and edge cases.",No,Only if formula/definition changes,"This tool is intended for positive whole numbers, not decimals, fractions, algebraic expressions, or zero. Inputs are limited to one billion so the browser can enumerate factor lists quickly without freezing.",https://www.calculator.net/common-factor-calculator.html | https://mathworld.wolfram.com/Divisor.html | https://mathworld.wolfram.com/GreatestCommonDivisor.html,/common-factor-calculator/index.html
214,22,Long Division Calculator,long-division-calculator,Math & Statistics,Math / Statistics / Geometry,Calculator,"Divide positive integers with a long division calculator that shows quotient, remainder, decimal result, and step-by-step working.","Division Formula: Dividend = Divisor × Quotient + Remainder, with 0 ≤ Remainder < Divisor",Dividend; Divisor,Primary calculated result and supporting values,"Start with a direct answer describing exactly what the tool calculates. Show the exact implemented formula/algorithm and define every symbol, unit, and transformation. Explain every input: Dividend, Divisor. Add a worked example using realistic values that reproduces the calculator result. Explain assumptions, valid input ranges, rounding, edge cases and when results can differ from official/clinical/lender calculations. Add concise FAQs that answer formula, input, result and limitation questions.","No live data required; verify mathematical definition, notation, domain restrictions, rounding and edge cases.",No,Only if formula/definition changes,This page focuses on nonnegative integer long division. It does not perform polynomial long division. Very large inputs above JavaScript's safe-integer range are rejected so quotient and remainder remain exact.,https://www.calculator.net/long-division-calculator.html | https://mathworld.wolfram.com/LongDivision.html | https://mathworld.wolfram.com/IntegerDivision.html,/long-division-calculator/index.html
215,22,P-Value Calculator,p-value-calculator,Math & Statistics,Math / Statistics / Geometry,Calculator,"Calculate left-tail, right-tail, center, between, or two-tail p-values from a z-score, or convert a p-value back to a z-score for the standard normal distribution.","P-Value Formulas for a Standard Normal Z-Score: Left: p = Φ(z)\nRight: p = 1 − Φ(z)\nCenter: p = |Φ(z) − 0.5|\nBetween: p = 2Φ(|z|) − 1\nTwo tails: p = 2[1 − Φ(|z|)] Here, Φ(z) is the cumulative distribution function of a standard normal random variable.",Probability region; Z-score,Primary calculated result and supporting values,"Start with a direct answer describing exactly what the tool calculates. Show the exact implemented formula/algorithm and define every symbol, unit, and transformation. Explain every input: Probability region, Z-score. Add a worked example using realistic values that reproduces the calculator result. Explain assumptions, valid input ranges, rounding, edge cases and when results can differ from official/clinical/lender calculations. Add concise FAQs that answer formula, input, result and limitation questions.","No live data required; verify mathematical definition, notation, domain restrictions, rounding and edge cases.",No,Only if formula/definition changes,"This page applies only to z statistics that are appropriately modeled by a standard normal distribution. It does not replace t, chi-square, F, permutation, exact, or other test-specific p-value calculations. The normal CDF and inverse are evaluated numerically, so extremely tiny tail probabilities are subject to floating-point limits.",https://www.calculator.net/p-value-calculator.html | https://csrc.nist.gov/glossary/term/p_value | https://itl.nist.gov/div898/handbook/prc/section1/prc131.htm,/p-value-calculator/index.html
